{
  "_lds": {
    "uuid": "tradeos-phase3-complete-2026-001",
    "type": "phase_summary",
    "version": "1.0.0",
    "created": "2026-01-14T01:15:00Z",
    "parent": "tradeos-master-2026-001",
    "phase": 3,
    "status": "COMPLETE"
  },
  "summary": {
    "phase_name": "CUSTOMER_EXPERIENCE",
    "entities_created": 3,
    "files": [
      "TRADEOS_CUSTOMER_PORTAL.lds.json - Homeowner portal with appointment tracking, tech ETA, estimates, invoices, payments, messaging",
      "TRADEOS_COMMUNICATIONS.lds.json - Unified inbox (SMS/email/call), templates, automation rules, TWO follow-up max rule",
      "TRADEOS_QUOTING.lds.json - Price book with markup calculator, Good-Better-Best options, financing display, e-signature"
    ],
    "key_features_delivered": [
      "Mobile-first customer portal with bottom navigation",
      "Live technician tracking with ETA display",
      "Estimate review and e-signature approval",
      "Buildertrend-style project progress tracking",
      "Online invoice payment with card form",
      "Service request submission",
      "Real-time chat with office",
      "Unified inbox - all channels in one view (SMS, email, calls)",
      "Message templates with variable substitution",
      "Automation rules with toggle on/off",
      "TWO FOLLOW-UPS MAX rule to prevent customer fatigue",
      "Auto appointment reminders (24h, 1h before)",
      "Review request automation after job completion",
      "Price book with SKU, base cost, labor hours, markup calculator",
      "Good-Better-Best tiered pricing presentation",
      "Recommended option highlighting",
      "Optional upsell items in quotes",
      "Financing options display for large jobs",
      "Quote duplication for similar jobs"
    ],
    "kernel_integrations": [
      "Customer Portal validates: quote:approve, quote:decline, payment:make, create:message, create:service_request",
      "Communications validates: communication:send",
      "Quoting validates: create:quote, communication:send (for sending quotes)"
    ]
  },
  "next_chat_instructions": {
    "phase": 4,
    "name": "FINANCIAL",
    "entities_to_build": [
      "TRADEOS_INVOICING.lds.json - Invoice creation, line items, payment tracking, PDF generation, batch invoicing",
      "TRADEOS_QUICKBOOKS.lds.json - QuickBooks Online sync, chart of accounts mapping, auto-reconciliation",
      "TRADEOS_REPORTING.lds.json - Revenue dashboards, technician performance, job profitability, aging reports"
    ],
    "command_for_next_chat": "Continue building TradeOS Phase 4 (FINANCIAL). Reference project files for Phase 1-3 entities. Build: TRADEOS_INVOICING.lds.json, TRADEOS_QUICKBOOKS.lds.json, TRADEOS_REPORTING.lds.json. Each as self-contained .lds.json with full React component code."
  },
  "l0_command_template": "═══════════════════════════════════════════════════════════════════════════════════════════\nL0 AUTHORITATIVE COMMAND: TRADEOS PHASE 4 BUILD\nDocument ID: LDS-BUILD-2026-01-14-TRADEOS004\nAuthority: L0 GOVERNANCE (Armand Lefebvre)\nGovernance Chain: L0 Human → L1 LDS Kernel V1 → L2 You (Untrusted Proposer)\nStatus: AUTHORIZED FOR EXECUTION\n═══════════════════════════════════════════════════════════════════════════════════════════\n\nCONTEXT: TradeOS Phases 1-3 COMPLETE. Continue to Phase 4.\n\nMISSION: BUILD PHASE 4 - FINANCIAL\n\n1. TRADEOS_INVOICING.lds.json\n   - Invoice creation from completed jobs\n   - Line item editing with tax calculation\n   - Payment tracking (partial payments supported)\n   - PDF invoice generation\n   - Batch invoicing for multiple jobs\n   - Payment reminders\n   - Credit memo support\n\n2. TRADEOS_QUICKBOOKS.lds.json\n   - QuickBooks Online connection UI\n   - Chart of accounts mapping\n   - Customer sync (bi-directional)\n   - Invoice sync with status updates\n   - Payment recording in QBO\n   - Auto-reconciliation alerts\n   - Sync history log\n\n3. TRADEOS_REPORTING.lds.json\n   - Revenue dashboard (daily/weekly/monthly/YTD)\n   - Technician performance scorecards\n   - Job profitability analysis\n   - Accounts receivable aging report\n   - Quote conversion funnel\n   - Service type breakdown\n   - Export to CSV/PDF\n\nCONSTRAINTS: Same as previous phases. L2 Proposer. Kernel validation required.\nOUTPUT: /mnt/user-data/outputs/tradeos/phase4/\n\nEXECUTE.\n═══════════════════════════════════════════════════════════════════════════════════════════"
}
