{
  "_lds": {
    "uuid": "tradeos-communications-2026-001",
    "type": "ui_component",
    "version": "1.0.0",
    "created": "2026-01-14T00:45:00Z",
    "parent": "tradeos-master-2026-001",
    "phase": 3,
    "sequence": 2
  },
  "core": {
    "name": "TradeOS Communications",
    "description": "Omnichannel messaging hub with SMS, email, call logging, unified inbox, and automation rules.",
    "principle": "Office can communication:send. TWO follow-ups max rule prevents customer fatigue."
  },
  "features": {
    "unified_inbox": "All channels (SMS, email, calls) in one view",
    "templates": "Pre-built message templates for common scenarios",
    "call_logging": "Click-to-dial with automatic call logging",
    "auto_reminders": "Appointment reminders 24h and 1h before",
    "review_requests": "Automated review request after job completion",
    "two_followup_rule": "Maximum 2 follow-ups per customer per issue"
  },
  "react_component": {
    "filename": "Communications.tsx",
    "code": "import React, { useState, useCallback } from 'react';\nimport {\n  MessageSquare, Mail, Phone, Search, Filter, Plus, Send,\n  Clock, User, CheckCircle2, AlertCircle, Star, ChevronRight,\n  FileText, Calendar, X, MoreVertical, PhoneCall, PhoneOff,\n  PhoneIncoming, PhoneOutgoing, MessageCircle, Bell, Settings,\n  Copy, Trash2, Edit, RefreshCw, Zap\n} from 'lucide-react';\nimport { useKernel } from './LDSKernel';\n\n// Types\ntype MessageChannel = 'sms' | 'email' | 'call';\ntype MessageDirection = 'inbound' | 'outbound';\ntype MessageStatus = 'sent' | 'delivered' | 'read' | 'failed' | 'pending';\n\ninterface Communication {\n  id: string;\n  customerId: string;\n  customerName: string;\n  customerPhone: string;\n  customerEmail: string;\n  channel: MessageChannel;\n  direction: MessageDirection;\n  subject?: string;\n  content: string;\n  timestamp: string;\n  status: MessageStatus;\n  duration?: string; // for calls\n  followUpCount: number;\n  jobId?: string;\n  unread: boolean;\n}\n\ninterface Template {\n  id: string;\n  name: string;\n  channel: MessageChannel;\n  subject?: string;\n  content: string;\n  variables: string[];\n  category: 'appointment' | 'estimate' | 'invoice' | 'review' | 'general';\n}\n\ninterface AutomationRule {\n  id: string;\n  name: string;\n  trigger: string;\n  action: string;\n  enabled: boolean;\n  lastRun?: string;\n}\n\n// Mock Data\nconst MOCK_COMMUNICATIONS: Communication[] = [\n  {\n    id: 'comm-1',\n    customerId: 'cust-1',\n    customerName: 'Johnson Residence',\n    customerPhone: '(555) 111-2222',\n    customerEmail: 'johnson@email.com',\n    channel: 'sms',\n    direction: 'outbound',\n    content: 'Hi! Your technician Mike is on his way. ETA 12 minutes.',\n    timestamp: '3:18 PM',\n    status: 'delivered',\n    followUpCount: 0,\n    jobId: 'job-1',\n    unread: false\n  },\n  {\n    id: 'comm-2',\n    customerId: 'cust-1',\n    customerName: 'Johnson Residence',\n    customerPhone: '(555) 111-2222',\n    customerEmail: 'johnson@email.com',\n    channel: 'sms',\n    direction: 'inbound',\n    content: 'Great, thank you!',\n    timestamp: '3:19 PM',\n    status: 'read',\n    followUpCount: 0,\n    jobId: 'job-1',\n    unread: false\n  },\n  {\n    id: 'comm-3',\n    customerId: 'cust-2',\n    customerName: 'Smith Commercial',\n    customerPhone: '(555) 222-3333',\n    customerEmail: 'smith@company.com',\n    channel: 'email',\n    direction: 'outbound',\n    subject: 'Your Estimate is Ready - EST-2026-0089',\n    content: 'Dear Mr. Smith, Please find attached your estimate for the water heater replacement...',\n    timestamp: '2:30 PM',\n    status: 'delivered',\n    followUpCount: 1,\n    unread: false\n  },\n  {\n    id: 'comm-4',\n    customerId: 'cust-3',\n    customerName: 'Davis Home',\n    customerPhone: '(555) 333-4444',\n    customerEmail: 'davis@email.com',\n    channel: 'call',\n    direction: 'inbound',\n    content: 'Customer called about upcoming electrical panel upgrade. Confirmed appointment for Monday.',\n    timestamp: '1:45 PM',\n    status: 'read',\n    duration: '4:32',\n    followUpCount: 0,\n    jobId: 'job-3',\n    unread: false\n  },\n  {\n    id: 'comm-5',\n    customerId: 'cust-4',\n    customerName: 'Wilson Property',\n    customerPhone: '(555) 444-5555',\n    customerEmail: 'wilson@email.com',\n    channel: 'sms',\n    direction: 'outbound',\n    content: 'Reminder: Your HVAC maintenance is scheduled for tomorrow at 3:30 PM.',\n    timestamp: '11:00 AM',\n    status: 'delivered',\n    followUpCount: 0,\n    unread: false\n  },\n  {\n    id: 'comm-6',\n    customerId: 'cust-5',\n    customerName: 'Garcia Home',\n    customerPhone: '(555) 555-6666',\n    customerEmail: 'garcia@email.com',\n    channel: 'email',\n    direction: 'inbound',\n    subject: 'Re: Invoice INV-2025-0891',\n    content: 'Hi, I have a question about the charges on my last invoice...',\n    timestamp: '10:22 AM',\n    status: 'read',\n    followUpCount: 0,\n    unread: true\n  },\n  {\n    id: 'comm-7',\n    customerId: 'cust-6',\n    customerName: 'Martinez Office',\n    customerPhone: '(555) 666-7777',\n    customerEmail: 'martinez@office.com',\n    channel: 'call',\n    direction: 'outbound',\n    content: 'Called to follow up on AC install estimate. Customer requested we call back Friday.',\n    timestamp: 'Yesterday',\n    status: 'read',\n    duration: '2:15',\n    followUpCount: 2,\n    unread: false\n  }\n];\n\nconst MOCK_TEMPLATES: Template[] = [\n  {\n    id: 'tpl-1',\n    name: 'Appointment Reminder (24h)',\n    channel: 'sms',\n    content: 'Hi {customer_name}! This is a reminder that your {service_type} appointment is scheduled for tomorrow at {time}. Reply CONFIRM to confirm or call us to reschedule.',\n    variables: ['customer_name', 'service_type', 'time'],\n    category: 'appointment'\n  },\n  {\n    id: 'tpl-2',\n    name: 'Tech On The Way',\n    channel: 'sms',\n    content: 'Hi! Your technician {tech_name} is on the way. ETA: {eta}. You can track their location in your customer portal.',\n    variables: ['tech_name', 'eta'],\n    category: 'appointment'\n  },\n  {\n    id: 'tpl-3',\n    name: 'Estimate Ready',\n    channel: 'email',\n    subject: 'Your Estimate is Ready - {estimate_number}',\n    content: 'Dear {customer_name},\\n\\nThank you for choosing TradeOS! Please find your estimate attached.\\n\\nEstimate #: {estimate_number}\\nTotal: {total}\\nValid Until: {valid_until}\\n\\nTo approve this estimate, simply click the link below or log into your customer portal.\\n\\nBest regards,\\nThe TradeOS Team',\n    variables: ['customer_name', 'estimate_number', 'total', 'valid_until'],\n    category: 'estimate'\n  },\n  {\n    id: 'tpl-4',\n    name: 'Invoice Sent',\n    channel: 'email',\n    subject: 'Invoice {invoice_number} - Payment Due {due_date}',\n    content: 'Dear {customer_name},\\n\\nPlease find your invoice attached.\\n\\nInvoice #: {invoice_number}\\nAmount Due: {amount}\\nDue Date: {due_date}\\n\\nPay online through your customer portal for fastest processing.\\n\\nThank you for your business!',\n    variables: ['customer_name', 'invoice_number', 'amount', 'due_date'],\n    category: 'invoice'\n  },\n  {\n    id: 'tpl-5',\n    name: 'Review Request',\n    channel: 'sms',\n    content: 'Hi {customer_name}! Thank you for choosing us. If you were happy with our service, we would appreciate a review: {review_link}',\n    variables: ['customer_name', 'review_link'],\n    category: 'review'\n  },\n  {\n    id: 'tpl-6',\n    name: 'Estimate Follow-up',\n    channel: 'sms',\n    content: 'Hi {customer_name}! Just checking in on your estimate from {estimate_date}. Let us know if you have any questions. Reply YES to approve or call us to discuss.',\n    variables: ['customer_name', 'estimate_date'],\n    category: 'estimate'\n  }\n];\n\nconst MOCK_AUTOMATIONS: AutomationRule[] = [\n  {\n    id: 'auto-1',\n    name: '24-Hour Appointment Reminder',\n    trigger: '24 hours before scheduled appointment',\n    action: 'Send SMS using \"Appointment Reminder (24h)\" template',\n    enabled: true,\n    lastRun: 'Today at 9:00 AM'\n  },\n  {\n    id: 'auto-2',\n    name: '1-Hour Appointment Reminder',\n    trigger: '1 hour before scheduled appointment',\n    action: 'Send SMS reminder',\n    enabled: true,\n    lastRun: 'Today at 2:30 PM'\n  },\n  {\n    id: 'auto-3',\n    name: 'Tech On The Way',\n    trigger: 'When tech status changes to \"En Route\"',\n    action: 'Send SMS using \"Tech On The Way\" template',\n    enabled: true,\n    lastRun: 'Today at 3:18 PM'\n  },\n  {\n    id: 'auto-4',\n    name: 'Review Request (After Completion)',\n    trigger: '2 hours after job marked complete',\n    action: 'Send SMS using \"Review Request\" template',\n    enabled: true,\n    lastRun: 'Today at 12:00 PM'\n  },\n  {\n    id: 'auto-5',\n    name: 'Estimate Follow-up (Day 3)',\n    trigger: '3 days after estimate sent (if not approved)',\n    action: 'Send SMS follow-up (max 2 per estimate)',\n    enabled: true,\n    lastRun: 'Yesterday at 10:00 AM'\n  },\n  {\n    id: 'auto-6',\n    name: 'Invoice Reminder',\n    trigger: '3 days before invoice due date',\n    action: 'Send email reminder',\n    enabled: false\n  }\n];\n\ntype ViewMode = 'inbox' | 'templates' | 'automations';\ntype ChannelFilter = 'all' | MessageChannel;\n\nexport const Communications: React.FC = () => {\n  const { validate, role } = useKernel();\n  const [viewMode, setViewMode] = useState<ViewMode>('inbox');\n  const [channelFilter, setChannelFilter] = useState<ChannelFilter>('all');\n  const [searchQuery, setSearchQuery] = useState('');\n  const [selectedConversation, setSelectedConversation] = useState<string | null>(null);\n  const [showComposeModal, setShowComposeModal] = useState(false);\n  const [composeChannel, setComposeChannel] = useState<MessageChannel>('sms');\n  const [composeContent, setComposeContent] = useState('');\n  const [composeSubject, setComposeSubject] = useState('');\n  const [selectedTemplate, setSelectedTemplate] = useState<Template | null>(null);\n  const [automations, setAutomations] = useState(MOCK_AUTOMATIONS);\n\n  const handleSendMessage = useCallback(() => {\n    const result = validate('communication:send', { authenticated: true });\n    if (result.result !== 'ALLOWED') {\n      alert(`Send denied: ${result.reason}`);\n      return;\n    }\n    \n    alert(`${composeChannel.toUpperCase()} sent successfully!`);\n    setShowComposeModal(false);\n    setComposeContent('');\n    setComposeSubject('');\n  }, [validate, composeChannel]);\n\n  const handleCall = useCallback((phone: string) => {\n    const result = validate('communication:send', { authenticated: true });\n    if (result.result !== 'ALLOWED') {\n      alert(`Call denied: ${result.reason}`);\n      return;\n    }\n    \n    alert(`Initiating call to ${phone}...`);\n  }, [validate]);\n\n  const toggleAutomation = useCallback((automationId: string) => {\n    setAutomations(prev => prev.map(a => \n      a.id === automationId ? { ...a, enabled: !a.enabled } : a\n    ));\n  }, []);\n\n  const filteredComms = MOCK_COMMUNICATIONS.filter(comm => {\n    const matchesChannel = channelFilter === 'all' || comm.channel === channelFilter;\n    const matchesSearch = \n      comm.customerName.toLowerCase().includes(searchQuery.toLowerCase()) ||\n      comm.content.toLowerCase().includes(searchQuery.toLowerCase());\n    return matchesChannel && matchesSearch;\n  });\n\n  // Group by customer for conversation view\n  const conversations = filteredComms.reduce((acc, comm) => {\n    if (!acc[comm.customerId]) {\n      acc[comm.customerId] = {\n        customerId: comm.customerId,\n        customerName: comm.customerName,\n        customerPhone: comm.customerPhone,\n        customerEmail: comm.customerEmail,\n        messages: [],\n        lastMessage: comm,\n        unreadCount: 0\n      };\n    }\n    acc[comm.customerId].messages.push(comm);\n    if (comm.unread) acc[comm.customerId].unreadCount++;\n    if (comm.timestamp > acc[comm.customerId].lastMessage.timestamp) {\n      acc[comm.customerId].lastMessage = comm;\n    }\n    return acc;\n  }, {} as Record<string, { customerId: string; customerName: string; customerPhone: string; customerEmail: string; messages: Communication[]; lastMessage: Communication; unreadCount: number }>);\n\n  const conversationList = Object.values(conversations).sort((a, b) => \n    b.lastMessage.timestamp.localeCompare(a.lastMessage.timestamp)\n  );\n\n  const selectedConvo = selectedConversation ? conversations[selectedConversation] : null;\n\n  const getChannelIcon = (channel: MessageChannel) => {\n    switch (channel) {\n      case 'sms': return <MessageSquare className=\"w-4 h-4\" />;\n      case 'email': return <Mail className=\"w-4 h-4\" />;\n      case 'call': return <Phone className=\"w-4 h-4\" />;\n    }\n  };\n\n  const getChannelColor = (channel: MessageChannel) => {\n    switch (channel) {\n      case 'sms': return 'bg-green-100 text-green-600';\n      case 'email': return 'bg-blue-100 text-blue-600';\n      case 'call': return 'bg-purple-100 text-purple-600';\n    }\n  };\n\n  // Inbox View\n  const InboxView = () => (\n    <div className=\"grid grid-cols-1 lg:grid-cols-3 gap-6 h-full\">\n      {/* Conversation List */}\n      <div className=\"lg:col-span-1 bg-white rounded-xl border border-slate-200 overflow-hidden flex flex-col\">\n        <div className=\"p-4 border-b border-slate-200\">\n          <div className=\"relative\">\n            <Search className=\"absolute left-3 top-1/2 -translate-y-1/2 w-5 h-5 text-slate-400\" />\n            <input\n              type=\"text\"\n              placeholder=\"Search conversations...\"\n              value={searchQuery}\n              onChange={(e) => setSearchQuery(e.target.value)}\n              className=\"w-full pl-10 pr-4 py-2 border border-slate-200 rounded-lg focus:ring-2 focus:ring-orange-500 outline-none\"\n            />\n          </div>\n          <div className=\"flex gap-1 mt-3\">\n            {(['all', 'sms', 'email', 'call'] as const).map((ch) => (\n              <button\n                key={ch}\n                onClick={() => setChannelFilter(ch)}\n                className={`flex-1 py-1.5 text-xs font-medium rounded-lg transition-colors ${\n                  channelFilter === ch\n                    ? 'bg-orange-100 text-orange-700'\n                    : 'bg-slate-100 text-slate-600 hover:bg-slate-200'\n                }`}\n              >\n                {ch === 'all' ? 'All' : ch.toUpperCase()}\n              </button>\n            ))}\n          </div>\n        </div>\n        \n        <div className=\"flex-1 overflow-y-auto\">\n          {conversationList.map((convo) => (\n            <div\n              key={convo.customerId}\n              onClick={() => setSelectedConversation(convo.customerId)}\n              className={`p-4 border-b border-slate-100 cursor-pointer hover:bg-slate-50 ${\n                selectedConversation === convo.customerId ? 'bg-orange-50' : ''\n              }`}\n            >\n              <div className=\"flex items-start gap-3\">\n                <div className=\"w-10 h-10 bg-slate-200 rounded-full flex items-center justify-center text-slate-600 font-medium\">\n                  {convo.customerName.split(' ').map(n => n[0]).join('').slice(0, 2)}\n                </div>\n                <div className=\"flex-1 min-w-0\">\n                  <div className=\"flex items-center justify-between\">\n                    <p className=\"font-medium text-slate-800 truncate\">{convo.customerName}</p>\n                    <span className=\"text-xs text-slate-500\">{convo.lastMessage.timestamp}</span>\n                  </div>\n                  <div className=\"flex items-center gap-2 mt-1\">\n                    <span className={`p-1 rounded ${getChannelColor(convo.lastMessage.channel)}`}>\n                      {getChannelIcon(convo.lastMessage.channel)}\n                    </span>\n                    <p className=\"text-sm text-slate-500 truncate flex-1\">\n                      {convo.lastMessage.direction === 'outbound' && 'You: '}\n                      {convo.lastMessage.content.slice(0, 50)}...\n                    </p>\n                  </div>\n                </div>\n                {convo.unreadCount > 0 && (\n                  <span className=\"w-5 h-5 bg-orange-500 text-white text-xs rounded-full flex items-center justify-center\">\n                    {convo.unreadCount}\n                  </span>\n                )}\n              </div>\n            </div>\n          ))}\n        </div>\n      </div>\n\n      {/* Conversation Detail */}\n      <div className=\"lg:col-span-2 bg-white rounded-xl border border-slate-200 overflow-hidden flex flex-col\">\n        {selectedConvo ? (\n          <>\n            {/* Header */}\n            <div className=\"p-4 border-b border-slate-200 flex items-center justify-between\">\n              <div className=\"flex items-center gap-3\">\n                <div className=\"w-10 h-10 bg-slate-200 rounded-full flex items-center justify-center text-slate-600 font-medium\">\n                  {selectedConvo.customerName.split(' ').map(n => n[0]).join('').slice(0, 2)}\n                </div>\n                <div>\n                  <p className=\"font-medium text-slate-800\">{selectedConvo.customerName}</p>\n                  <p className=\"text-sm text-slate-500\">{selectedConvo.customerPhone}</p>\n                </div>\n              </div>\n              <div className=\"flex items-center gap-2\">\n                <button\n                  onClick={() => handleCall(selectedConvo.customerPhone)}\n                  className=\"p-2 bg-green-100 text-green-600 rounded-lg hover:bg-green-200\"\n                  title=\"Call\"\n                >\n                  <Phone className=\"w-5 h-5\" />\n                </button>\n                <button\n                  onClick={() => { setComposeChannel('sms'); setShowComposeModal(true); }}\n                  className=\"p-2 bg-blue-100 text-blue-600 rounded-lg hover:bg-blue-200\"\n                  title=\"SMS\"\n                >\n                  <MessageSquare className=\"w-5 h-5\" />\n                </button>\n                <button\n                  onClick={() => { setComposeChannel('email'); setShowComposeModal(true); }}\n                  className=\"p-2 bg-purple-100 text-purple-600 rounded-lg hover:bg-purple-200\"\n                  title=\"Email\"\n                >\n                  <Mail className=\"w-5 h-5\" />\n                </button>\n              </div>\n            </div>\n\n            {/* Messages */}\n            <div className=\"flex-1 overflow-y-auto p-4 space-y-4\">\n              {selectedConvo.messages.map((msg) => (\n                <div\n                  key={msg.id}\n                  className={`flex ${msg.direction === 'outbound' ? 'justify-end' : 'justify-start'}`}\n                >\n                  <div className={`max-w-md ${\n                    msg.direction === 'outbound' ? 'order-2' : 'order-1'\n                  }`}>\n                    <div className={`flex items-center gap-2 mb-1 ${\n                      msg.direction === 'outbound' ? 'justify-end' : 'justify-start'\n                    }`}>\n                      <span className={`p-1 rounded ${getChannelColor(msg.channel)}`}>\n                        {getChannelIcon(msg.channel)}\n                      </span>\n                      <span className=\"text-xs text-slate-500\">{msg.timestamp}</span>\n                      {msg.channel === 'call' && msg.duration && (\n                        <span className=\"text-xs text-slate-400\">({msg.duration})</span>\n                      )}\n                    </div>\n                    <div className={`p-3 rounded-2xl ${\n                      msg.direction === 'outbound'\n                        ? 'bg-orange-500 text-white rounded-br-md'\n                        : 'bg-slate-100 text-slate-800 rounded-bl-md'\n                    }`}>\n                      {msg.subject && (\n                        <p className=\"font-medium mb-1\">{msg.subject}</p>\n                      )}\n                      <p>{msg.content}</p>\n                    </div>\n                    {msg.followUpCount > 0 && (\n                      <p className=\"text-xs text-amber-600 mt-1 flex items-center gap-1\">\n                        <AlertCircle className=\"w-3 h-3\" />\n                        Follow-up {msg.followUpCount}/2\n                      </p>\n                    )}\n                  </div>\n                </div>\n              ))}\n            </div>\n\n            {/* Quick Reply */}\n            <div className=\"p-4 border-t border-slate-200\">\n              <div className=\"flex gap-2\">\n                <input\n                  type=\"text\"\n                  placeholder=\"Type a message...\"\n                  className=\"flex-1 px-4 py-2 border border-slate-200 rounded-lg focus:ring-2 focus:ring-orange-500 outline-none\"\n                  onKeyDown={(e) => {\n                    if (e.key === 'Enter' && e.currentTarget.value) {\n                      setComposeContent(e.currentTarget.value);\n                      setComposeChannel('sms');\n                      handleSendMessage();\n                      e.currentTarget.value = '';\n                    }\n                  }}\n                />\n                <button\n                  onClick={() => setShowComposeModal(true)}\n                  className=\"p-2 bg-orange-500 text-white rounded-lg hover:bg-orange-600\"\n                >\n                  <Send className=\"w-5 h-5\" />\n                </button>\n              </div>\n            </div>\n          </>\n        ) : (\n          <div className=\"flex-1 flex items-center justify-center text-slate-500\">\n            <div className=\"text-center\">\n              <MessageSquare className=\"w-12 h-12 mx-auto mb-2 text-slate-300\" />\n              <p>Select a conversation</p>\n            </div>\n          </div>\n        )}\n      </div>\n    </div>\n  );\n\n  // Templates View\n  const TemplatesView = () => (\n    <div className=\"space-y-4\">\n      <div className=\"flex items-center justify-between\">\n        <h2 className=\"text-xl font-bold text-slate-800\">Message Templates</h2>\n        <button className=\"px-4 py-2 bg-orange-500 text-white rounded-lg hover:bg-orange-600 flex items-center gap-2\">\n          <Plus className=\"w-4 h-4\" />\n          New Template\n        </button>\n      </div>\n\n      <div className=\"grid grid-cols-1 md:grid-cols-2 lg:grid-cols-3 gap-4\">\n        {MOCK_TEMPLATES.map((template) => (\n          <div key={template.id} className=\"bg-white rounded-xl border border-slate-200 p-4 hover:border-orange-300 transition-colors\">\n            <div className=\"flex items-start justify-between mb-3\">\n              <div className=\"flex items-center gap-2\">\n                <span className={`p-2 rounded-lg ${getChannelColor(template.channel)}`}>\n                  {getChannelIcon(template.channel)}\n                </span>\n                <div>\n                  <p className=\"font-medium text-slate-800\">{template.name}</p>\n                  <p className=\"text-xs text-slate-500 capitalize\">{template.category}</p>\n                </div>\n              </div>\n              <button className=\"p-1 hover:bg-slate-100 rounded\">\n                <MoreVertical className=\"w-4 h-4 text-slate-400\" />\n              </button>\n            </div>\n            \n            {template.subject && (\n              <p className=\"text-sm font-medium text-slate-700 mb-1\">Subject: {template.subject}</p>\n            )}\n            <p className=\"text-sm text-slate-600 line-clamp-3\">{template.content}</p>\n            \n            <div className=\"flex flex-wrap gap-1 mt-3\">\n              {template.variables.map((v) => (\n                <span key={v} className=\"px-2 py-0.5 bg-slate-100 text-slate-600 text-xs rounded\">\n                  {`{${v}}`}\n                </span>\n              ))}\n            </div>\n            \n            <div className=\"flex gap-2 mt-4\">\n              <button\n                onClick={() => { setSelectedTemplate(template); setShowComposeModal(true); }}\n                className=\"flex-1 py-2 bg-orange-100 text-orange-700 rounded-lg hover:bg-orange-200 text-sm font-medium\"\n              >\n                Use Template\n              </button>\n              <button className=\"p-2 border border-slate-200 rounded-lg hover:bg-slate-50\">\n                <Edit className=\"w-4 h-4 text-slate-600\" />\n              </button>\n            </div>\n          </div>\n        ))}\n      </div>\n    </div>\n  );\n\n  // Automations View\n  const AutomationsView = () => (\n    <div className=\"space-y-4\">\n      <div className=\"flex items-center justify-between\">\n        <div>\n          <h2 className=\"text-xl font-bold text-slate-800\">Automation Rules</h2>\n          <p className=\"text-slate-500\">Automatic messages based on triggers</p>\n        </div>\n        <button className=\"px-4 py-2 bg-orange-500 text-white rounded-lg hover:bg-orange-600 flex items-center gap-2\">\n          <Plus className=\"w-4 h-4\" />\n          New Rule\n        </button>\n      </div>\n\n      {/* Two Follow-up Rule Notice */}\n      <div className=\"bg-amber-50 border border-amber-200 rounded-xl p-4 flex items-start gap-3\">\n        <AlertCircle className=\"w-5 h-5 text-amber-600 flex-shrink-0 mt-0.5\" />\n        <div>\n          <p className=\"font-medium text-amber-800\">Two Follow-ups Maximum</p>\n          <p className=\"text-sm text-amber-700\">To prevent customer fatigue, automations are limited to 2 follow-up messages per customer per issue.</p>\n        </div>\n      </div>\n\n      <div className=\"space-y-3\">\n        {automations.map((rule) => (\n          <div key={rule.id} className=\"bg-white rounded-xl border border-slate-200 p-4\">\n            <div className=\"flex items-start justify-between\">\n              <div className=\"flex items-start gap-3\">\n                <div className={`p-2 rounded-lg ${\n                  rule.enabled ? 'bg-green-100 text-green-600' : 'bg-slate-100 text-slate-400'\n                }`}>\n                  <Zap className=\"w-5 h-5\" />\n                </div>\n                <div>\n                  <p className=\"font-medium text-slate-800\">{rule.name}</p>\n                  <div className=\"mt-2 space-y-1\">\n                    <p className=\"text-sm text-slate-600\">\n                      <span className=\"text-slate-400\">When:</span> {rule.trigger}\n                    </p>\n                    <p className=\"text-sm text-slate-600\">\n                      <span className=\"text-slate-400\">Then:</span> {rule.action}\n                    </p>\n                  </div>\n                  {rule.lastRun && (\n                    <p className=\"text-xs text-slate-400 mt-2 flex items-center gap-1\">\n                      <Clock className=\"w-3 h-3\" />\n                      Last run: {rule.lastRun}\n                    </p>\n                  )}\n                </div>\n              </div>\n              \n              <div className=\"flex items-center gap-3\">\n                <button\n                  onClick={() => toggleAutomation(rule.id)}\n                  className={`relative w-12 h-6 rounded-full transition-colors ${\n                    rule.enabled ? 'bg-green-500' : 'bg-slate-300'\n                  }`}\n                >\n                  <span className={`absolute top-1 w-4 h-4 bg-white rounded-full transition-transform ${\n                    rule.enabled ? 'left-7' : 'left-1'\n                  }`} />\n                </button>\n                <button className=\"p-1 hover:bg-slate-100 rounded\">\n                  <Settings className=\"w-4 h-4 text-slate-400\" />\n                </button>\n              </div>\n            </div>\n          </div>\n        ))}\n      </div>\n    </div>\n  );\n\n  return (\n    <div className=\"space-y-4\">\n      {/* Header */}\n      <div className=\"flex flex-col sm:flex-row sm:items-center justify-between gap-4\">\n        <div>\n          <h1 className=\"text-2xl font-bold text-slate-800\">Communications</h1>\n          <p className=\"text-slate-500\">Manage all customer communications</p>\n        </div>\n        <button\n          onClick={() => setShowComposeModal(true)}\n          className=\"px-4 py-2 bg-orange-500 text-white rounded-lg hover:bg-orange-600 flex items-center gap-2\"\n        >\n          <Plus className=\"w-4 h-4\" />\n          New Message\n        </button>\n      </div>\n\n      {/* View Tabs */}\n      <div className=\"bg-white rounded-xl border border-slate-200 p-1 inline-flex\">\n        {(['inbox', 'templates', 'automations'] as const).map((view) => (\n          <button\n            key={view}\n            onClick={() => setViewMode(view)}\n            className={`px-4 py-2 rounded-lg text-sm font-medium capitalize transition-colors ${\n              viewMode === view\n                ? 'bg-orange-100 text-orange-700'\n                : 'text-slate-600 hover:text-slate-800'\n            }`}\n          >\n            {view}\n          </button>\n        ))}\n      </div>\n\n      {/* Content */}\n      {viewMode === 'inbox' && <InboxView />}\n      {viewMode === 'templates' && <TemplatesView />}\n      {viewMode === 'automations' && <AutomationsView />}\n\n      {/* Compose Modal */}\n      {showComposeModal && (\n        <div className=\"fixed inset-0 bg-black/50 flex items-center justify-center z-50\">\n          <div className=\"bg-white rounded-2xl w-full max-w-lg mx-4 overflow-hidden\">\n            <div className=\"p-4 border-b border-slate-200 flex items-center justify-between\">\n              <h3 className=\"font-semibold text-slate-800\">New Message</h3>\n              <button onClick={() => { setShowComposeModal(false); setSelectedTemplate(null); }} className=\"p-2 hover:bg-slate-100 rounded-lg\">\n                <X className=\"w-5 h-5 text-slate-600\" />\n              </button>\n            </div>\n            \n            <div className=\"p-4 space-y-4\">\n              {/* Channel Selector */}\n              <div className=\"flex gap-2\">\n                {(['sms', 'email'] as const).map((ch) => (\n                  <button\n                    key={ch}\n                    onClick={() => setComposeChannel(ch)}\n                    className={`flex-1 py-2 rounded-lg font-medium flex items-center justify-center gap-2 ${\n                      composeChannel === ch\n                        ? 'bg-orange-100 text-orange-700 border-2 border-orange-300'\n                        : 'bg-slate-100 text-slate-600 border-2 border-transparent'\n                    }`}\n                  >\n                    {getChannelIcon(ch)}\n                    {ch.toUpperCase()}\n                  </button>\n                ))}\n              </div>\n\n              {/* Recipient */}\n              <div>\n                <label className=\"block text-sm font-medium text-slate-700 mb-1\">To</label>\n                <input\n                  type=\"text\"\n                  placeholder={composeChannel === 'sms' ? 'Phone number' : 'Email address'}\n                  className=\"w-full px-4 py-2 border border-slate-200 rounded-lg focus:ring-2 focus:ring-orange-500 outline-none\"\n                />\n              </div>\n\n              {/* Subject (email only) */}\n              {composeChannel === 'email' && (\n                <div>\n                  <label className=\"block text-sm font-medium text-slate-700 mb-1\">Subject</label>\n                  <input\n                    type=\"text\"\n                    value={selectedTemplate?.subject || composeSubject}\n                    onChange={(e) => setComposeSubject(e.target.value)}\n                    placeholder=\"Subject line\"\n                    className=\"w-full px-4 py-2 border border-slate-200 rounded-lg focus:ring-2 focus:ring-orange-500 outline-none\"\n                  />\n                </div>\n              )}\n\n              {/* Message */}\n              <div>\n                <label className=\"block text-sm font-medium text-slate-700 mb-1\">Message</label>\n                <textarea\n                  rows={5}\n                  value={selectedTemplate?.content || composeContent}\n                  onChange={(e) => setComposeContent(e.target.value)}\n                  placeholder=\"Type your message...\"\n                  className=\"w-full px-4 py-2 border border-slate-200 rounded-lg focus:ring-2 focus:ring-orange-500 outline-none\"\n                />\n              </div>\n\n              {/* Template Variables Note */}\n              {selectedTemplate && (\n                <div className=\"p-3 bg-blue-50 border border-blue-200 rounded-lg\">\n                  <p className=\"text-sm text-blue-700\">\n                    <strong>Template variables:</strong> Replace {selectedTemplate.variables.map(v => `{${v}}`).join(', ')} with actual values before sending.\n                  </p>\n                </div>\n              )}\n\n              <button\n                onClick={handleSendMessage}\n                className=\"w-full py-3 bg-orange-500 text-white rounded-lg hover:bg-orange-600 flex items-center justify-center gap-2\"\n              >\n                <Send className=\"w-5 h-5\" />\n                Send {composeChannel.toUpperCase()}\n              </button>\n            </div>\n          </div>\n        </div>\n      )}\n    </div>\n  );\n};\n\nexport default Communications;"
  }
}