{
  "_lds": {
    "uuid": "tradeos-quoting-2026-001",
    "type": "ui_component",
    "version": "1.0.0",
    "created": "2026-01-14T01:00:00Z",
    "parent": "tradeos-master-2026-001",
    "phase": 3,
    "sequence": 3
  },
  "core": {
    "name": "TradeOS Quoting",
    "description": "Complete quoting system with price book, Good-Better-Best presentations, upsells, and e-signature approval.",
    "principle": "Office can create:quote. Customers can quote:approve or quote:decline. Auto-converts to job on approval."
  },
  "features": {
    "price_book": "Itemized service catalog with markup calculator",
    "good_better_best": "Three-tier pricing presentation",
    "photo_attachments": "Add photos to explain work needed",
    "optional_upsells": "Add-on items customer can select",
    "e_signature": "Digital signature for approval",
    "auto_convert": "Approved quotes become jobs automatically",
    "financing": "Display financing options for large jobs"
  },
  "react_component": {
    "filename": "Quoting.tsx",
    "code": "import React, { useState, useCallback, useRef } from 'react';\nimport {\n  FileText, Search, Plus, DollarSign, Calculator, Image,\n  CheckCircle2, Clock, X, ChevronRight, ChevronDown, Star,\n  Send, Copy, Trash2, Edit, User, Calendar, FileSignature,\n  AlertCircle, CreditCard, Percent, Package, Sparkles, Shield\n} from 'lucide-react';\nimport { useKernel } from './LDSKernel';\n\n// Types\ninterface PriceBookItem {\n  id: string;\n  sku: string;\n  name: string;\n  description: string;\n  category: string;\n  basePrice: number;\n  laborHours: number;\n  laborRate: number;\n  markup: number;\n  finalPrice: number;\n}\n\ninterface QuoteLineItem {\n  id: string;\n  itemId: string;\n  name: string;\n  description: string;\n  quantity: number;\n  unitPrice: number;\n  total: number;\n  optional: boolean;\n}\n\ninterface QuoteOption {\n  tier: 'good' | 'better' | 'best';\n  name: string;\n  description: string;\n  items: QuoteLineItem[];\n  subtotal: number;\n  discount: number;\n  total: number;\n  recommended: boolean;\n}\n\ninterface Quote {\n  id: string;\n  number: string;\n  customerId: string;\n  customerName: string;\n  customerEmail: string;\n  customerPhone: string;\n  customerAddress: string;\n  createdDate: string;\n  validUntil: string;\n  status: 'draft' | 'sent' | 'viewed' | 'approved' | 'declined' | 'expired';\n  jobType: string;\n  description: string;\n  options: QuoteOption[];\n  selectedOption?: 'good' | 'better' | 'best';\n  photos: string[];\n  notes: string;\n  signature?: string;\n  signedDate?: string;\n  financingAvailable: boolean;\n}\n\n// Mock Price Book\nconst MOCK_PRICE_BOOK: PriceBookItem[] = [\n  { id: 'pb-1', sku: 'HVAC-AC-3T', name: 'Carrier 3-Ton AC Unit', description: '16 SEER efficiency', category: 'HVAC Equipment', basePrice: 3200, laborHours: 8, laborRate: 95, markup: 40, finalPrice: 4500 },\n  { id: 'pb-2', sku: 'HVAC-AC-4T', name: 'Carrier 4-Ton AC Unit', description: '18 SEER efficiency', category: 'HVAC Equipment', basePrice: 4100, laborHours: 8, laborRate: 95, markup: 40, finalPrice: 5750 },\n  { id: 'pb-3', sku: 'HVAC-FURN-80', name: 'Gas Furnace 80K BTU', description: '80% efficiency', category: 'HVAC Equipment', basePrice: 1800, laborHours: 6, laborRate: 95, markup: 35, finalPrice: 2500 },\n  { id: 'pb-4', sku: 'HVAC-FURN-96', name: 'Gas Furnace 96K BTU', description: '96% high-efficiency', category: 'HVAC Equipment', basePrice: 2800, laborHours: 6, laborRate: 95, markup: 35, finalPrice: 3900 },\n  { id: 'pb-5', sku: 'HVAC-INST-STD', name: 'Standard Installation', description: 'Basic install labor', category: 'Labor', basePrice: 0, laborHours: 8, laborRate: 95, markup: 0, finalPrice: 760 },\n  { id: 'pb-6', sku: 'HVAC-INST-PRE', name: 'Premium Installation', description: 'Full system commissioning', category: 'Labor', basePrice: 0, laborHours: 12, laborRate: 95, markup: 0, finalPrice: 1140 },\n  { id: 'pb-7', sku: 'HVAC-DUCT-MOD', name: 'Ductwork Modification', description: 'Minor duct changes', category: 'Labor', basePrice: 200, laborHours: 4, laborRate: 95, markup: 25, finalPrice: 630 },\n  { id: 'pb-8', sku: 'HVAC-THERM-WIFI', name: 'WiFi Thermostat', description: 'Ecobee Smart Thermostat', category: 'Accessories', basePrice: 180, laborHours: 1, laborRate: 95, markup: 30, finalPrice: 330 },\n  { id: 'pb-9', sku: 'HVAC-MAINT-1YR', name: '1-Year Maintenance Plan', description: '2 visits per year', category: 'Service Plans', basePrice: 0, laborHours: 0, laborRate: 0, markup: 0, finalPrice: 299 },\n  { id: 'pb-10', sku: 'PLMB-WH-50E', name: 'Water Heater 50gal Electric', description: 'Rheem Performance', category: 'Plumbing Equipment', basePrice: 650, laborHours: 4, laborRate: 85, markup: 35, finalPrice: 1200 },\n  { id: 'pb-11', sku: 'PLMB-WH-50G', name: 'Water Heater 50gal Gas', description: 'Rheem Performance Plus', category: 'Plumbing Equipment', basePrice: 850, laborHours: 5, laborRate: 85, markup: 35, finalPrice: 1575 },\n  { id: 'pb-12', sku: 'ELEC-PANEL-200', name: '200A Panel Upgrade', description: 'Square D main panel', category: 'Electrical', basePrice: 800, laborHours: 8, laborRate: 100, markup: 40, finalPrice: 1920 }\n];\n\nconst MOCK_QUOTES: Quote[] = [\n  {\n    id: 'quote-1',\n    number: 'EST-2026-0089',\n    customerId: 'cust-1',\n    customerName: 'Johnson Residence',\n    customerEmail: 'johnson@email.com',\n    customerPhone: '(555) 111-2222',\n    customerAddress: '123 Oak St, Philadelphia, PA 19103',\n    createdDate: 'Jan 10, 2026',\n    validUntil: 'Jan 25, 2026',\n    status: 'sent',\n    jobType: 'HVAC System Upgrade',\n    description: 'Complete AC and furnace replacement. Current system is 18 years old with failing compressor.',\n    options: [\n      {\n        tier: 'good',\n        name: 'Essential',\n        description: 'Quality replacement with standard efficiency',\n        items: [\n          { id: 'li-1', itemId: 'pb-1', name: 'Carrier 3-Ton AC Unit', description: '16 SEER efficiency', quantity: 1, unitPrice: 4500, total: 4500, optional: false },\n          { id: 'li-2', itemId: 'pb-3', name: 'Gas Furnace 80K BTU', description: '80% efficiency', quantity: 1, unitPrice: 2500, total: 2500, optional: false },\n          { id: 'li-3', itemId: 'pb-5', name: 'Standard Installation', description: 'Basic install labor', quantity: 1, unitPrice: 760, total: 760, optional: false }\n        ],\n        subtotal: 7760,\n        discount: 0,\n        total: 7760,\n        recommended: false\n      },\n      {\n        tier: 'better',\n        name: 'Comfort Plus',\n        description: 'High-efficiency system with smart controls',\n        items: [\n          { id: 'li-4', itemId: 'pb-2', name: 'Carrier 4-Ton AC Unit', description: '18 SEER efficiency', quantity: 1, unitPrice: 5750, total: 5750, optional: false },\n          { id: 'li-5', itemId: 'pb-4', name: 'Gas Furnace 96K BTU', description: '96% high-efficiency', quantity: 1, unitPrice: 3900, total: 3900, optional: false },\n          { id: 'li-6', itemId: 'pb-6', name: 'Premium Installation', description: 'Full system commissioning', quantity: 1, unitPrice: 1140, total: 1140, optional: false },\n          { id: 'li-7', itemId: 'pb-8', name: 'WiFi Thermostat', description: 'Ecobee Smart Thermostat', quantity: 1, unitPrice: 330, total: 330, optional: false }\n        ],\n        subtotal: 11120,\n        discount: 500,\n        total: 10620,\n        recommended: true\n      },\n      {\n        tier: 'best',\n        name: 'Ultimate Comfort',\n        description: 'Premium system with extended warranty and maintenance',\n        items: [\n          { id: 'li-8', itemId: 'pb-2', name: 'Carrier 4-Ton AC Unit', description: '18 SEER efficiency', quantity: 1, unitPrice: 5750, total: 5750, optional: false },\n          { id: 'li-9', itemId: 'pb-4', name: 'Gas Furnace 96K BTU', description: '96% high-efficiency', quantity: 1, unitPrice: 3900, total: 3900, optional: false },\n          { id: 'li-10', itemId: 'pb-6', name: 'Premium Installation', description: 'Full system commissioning', quantity: 1, unitPrice: 1140, total: 1140, optional: false },\n          { id: 'li-11', itemId: 'pb-8', name: 'WiFi Thermostat', description: 'Ecobee Smart Thermostat', quantity: 1, unitPrice: 330, total: 330, optional: false },\n          { id: 'li-12', itemId: 'pb-7', name: 'Ductwork Modification', description: 'Minor duct changes', quantity: 1, unitPrice: 630, total: 630, optional: false },\n          { id: 'li-13', itemId: 'pb-9', name: '1-Year Maintenance Plan', description: '2 visits per year', quantity: 1, unitPrice: 299, total: 299, optional: true }\n        ],\n        subtotal: 12049,\n        discount: 750,\n        total: 11299,\n        recommended: false\n      }\n    ],\n    photos: [],\n    notes: 'Customer prefers morning installation. Parking available in driveway.',\n    financingAvailable: true\n  },\n  {\n    id: 'quote-2',\n    number: 'EST-2026-0090',\n    customerId: 'cust-2',\n    customerName: 'Smith Commercial',\n    customerEmail: 'smith@company.com',\n    customerPhone: '(555) 222-3333',\n    customerAddress: '456 Main Ave, Philadelphia, PA 19102',\n    createdDate: 'Jan 12, 2026',\n    validUntil: 'Jan 27, 2026',\n    status: 'approved',\n    jobType: 'Water Heater Replacement',\n    description: 'Replace existing 40gal water heater with new 50gal unit.',\n    options: [\n      {\n        tier: 'good',\n        name: 'Standard',\n        description: 'Electric water heater',\n        items: [\n          { id: 'li-14', itemId: 'pb-10', name: 'Water Heater 50gal Electric', description: 'Rheem Performance', quantity: 1, unitPrice: 1200, total: 1200, optional: false }\n        ],\n        subtotal: 1200,\n        discount: 0,\n        total: 1200,\n        recommended: false\n      },\n      {\n        tier: 'better',\n        name: 'Premium',\n        description: 'Gas water heater with faster recovery',\n        items: [\n          { id: 'li-15', itemId: 'pb-11', name: 'Water Heater 50gal Gas', description: 'Rheem Performance Plus', quantity: 1, unitPrice: 1575, total: 1575, optional: false }\n        ],\n        subtotal: 1575,\n        discount: 0,\n        total: 1575,\n        recommended: true\n      }\n    ],\n    selectedOption: 'better',\n    photos: [],\n    notes: '',\n    signature: 'data:image/png;base64,signature_data',\n    signedDate: 'Jan 13, 2026',\n    financingAvailable: false\n  },\n  {\n    id: 'quote-3',\n    number: 'EST-2026-0088',\n    customerId: 'cust-3',\n    customerName: 'Davis Home',\n    customerEmail: 'davis@email.com',\n    customerPhone: '(555) 333-4444',\n    customerAddress: '789 Pine Rd, Philadelphia, PA 19104',\n    createdDate: 'Jan 8, 2026',\n    validUntil: 'Jan 23, 2026',\n    status: 'viewed',\n    jobType: 'Electrical Panel Upgrade',\n    description: 'Upgrade from 100A to 200A service for EV charger support.',\n    options: [\n      {\n        tier: 'good',\n        name: 'Panel Upgrade Only',\n        description: 'Basic 200A panel installation',\n        items: [\n          { id: 'li-16', itemId: 'pb-12', name: '200A Panel Upgrade', description: 'Square D main panel', quantity: 1, unitPrice: 1920, total: 1920, optional: false }\n        ],\n        subtotal: 1920,\n        discount: 0,\n        total: 1920,\n        recommended: true\n      }\n    ],\n    photos: [],\n    notes: 'Permit required - included in price.',\n    financingAvailable: true\n  }\n];\n\nconst STATUS_CONFIG: Record<Quote['status'], { label: string; color: string; bg: string }> = {\n  draft: { label: 'Draft', color: 'text-slate-600', bg: 'bg-slate-100' },\n  sent: { label: 'Sent', color: 'text-blue-600', bg: 'bg-blue-100' },\n  viewed: { label: 'Viewed', color: 'text-purple-600', bg: 'bg-purple-100' },\n  approved: { label: 'Approved', color: 'text-green-600', bg: 'bg-green-100' },\n  declined: { label: 'Declined', color: 'text-red-600', bg: 'bg-red-100' },\n  expired: { label: 'Expired', color: 'text-slate-400', bg: 'bg-slate-50' }\n};\n\ntype ViewMode = 'list' | 'pricebook';\n\nexport const Quoting: React.FC = () => {\n  const { validate, role } = useKernel();\n  const [viewMode, setViewMode] = useState<ViewMode>('list');\n  const [quotes, setQuotes] = useState<Quote[]>(MOCK_QUOTES);\n  const [selectedQuote, setSelectedQuote] = useState<Quote | null>(null);\n  const [searchQuery, setSearchQuery] = useState('');\n  const [showCreateModal, setShowCreateModal] = useState(false);\n  const [priceBookSearch, setPriceBookSearch] = useState('');\n  const [selectedCategory, setSelectedCategory] = useState<string>('all');\n  const [markupAdjustment, setMarkupAdjustment] = useState(0);\n\n  const handleCreateQuote = useCallback(() => {\n    const result = validate('create:quote', { authenticated: true });\n    if (result.result !== 'ALLOWED') {\n      alert(`Create quote denied: ${result.reason}`);\n      return;\n    }\n    setShowCreateModal(true);\n  }, [validate]);\n\n  const handleSendQuote = useCallback((quoteId: string) => {\n    const result = validate('communication:send', { authenticated: true });\n    if (result.result !== 'ALLOWED') {\n      alert(`Send denied: ${result.reason}`);\n      return;\n    }\n    setQuotes(prev => prev.map(q => \n      q.id === quoteId ? { ...q, status: 'sent' as const } : q\n    ));\n    alert('Quote sent to customer!');\n  }, [validate]);\n\n  const handleDuplicateQuote = useCallback((quoteId: string) => {\n    const original = quotes.find(q => q.id === quoteId);\n    if (!original) return;\n    \n    const newQuote: Quote = {\n      ...original,\n      id: `quote-${Date.now()}`,\n      number: `EST-2026-${String(Math.floor(Math.random() * 1000)).padStart(4, '0')}`,\n      status: 'draft',\n      createdDate: new Date().toLocaleDateString('en-US', { month: 'short', day: 'numeric', year: 'numeric' }),\n      validUntil: new Date(Date.now() + 15 * 24 * 60 * 60 * 1000).toLocaleDateString('en-US', { month: 'short', day: 'numeric', year: 'numeric' }),\n      signature: undefined,\n      signedDate: undefined,\n      selectedOption: undefined\n    };\n    \n    setQuotes(prev => [newQuote, ...prev]);\n    setSelectedQuote(newQuote);\n  }, [quotes]);\n\n  const filteredQuotes = quotes.filter(q => \n    q.number.toLowerCase().includes(searchQuery.toLowerCase()) ||\n    q.customerName.toLowerCase().includes(searchQuery.toLowerCase()) ||\n    q.jobType.toLowerCase().includes(searchQuery.toLowerCase())\n  );\n\n  const categories = ['all', ...new Set(MOCK_PRICE_BOOK.map(i => i.category))];\n  \n  const filteredPriceBook = MOCK_PRICE_BOOK.filter(item => {\n    const matchesSearch = \n      item.name.toLowerCase().includes(priceBookSearch.toLowerCase()) ||\n      item.sku.toLowerCase().includes(priceBookSearch.toLowerCase());\n    const matchesCategory = selectedCategory === 'all' || item.category === selectedCategory;\n    return matchesSearch && matchesCategory;\n  });\n\n  const calculateAdjustedPrice = (item: PriceBookItem) => {\n    const adjustedMarkup = item.markup + markupAdjustment;\n    const materialWithMarkup = item.basePrice * (1 + adjustedMarkup / 100);\n    const labor = item.laborHours * item.laborRate;\n    return Math.round(materialWithMarkup + labor);\n  };\n\n  // Quote List View\n  const QuoteListView = () => (\n    <div className=\"grid grid-cols-1 lg:grid-cols-3 gap-6\">\n      {/* Quote List */}\n      <div className=\"lg:col-span-1 space-y-4\">\n        <div className=\"bg-white rounded-xl border border-slate-200 p-4\">\n          <div className=\"relative\">\n            <Search className=\"absolute left-3 top-1/2 -translate-y-1/2 w-5 h-5 text-slate-400\" />\n            <input\n              type=\"text\"\n              placeholder=\"Search quotes...\"\n              value={searchQuery}\n              onChange={(e) => setSearchQuery(e.target.value)}\n              className=\"w-full pl-10 pr-4 py-2 border border-slate-200 rounded-lg focus:ring-2 focus:ring-orange-500 outline-none\"\n            />\n          </div>\n        </div>\n\n        <div className=\"space-y-3\">\n          {filteredQuotes.map((quote) => {\n            const statusConfig = STATUS_CONFIG[quote.status];\n            return (\n              <div\n                key={quote.id}\n                onClick={() => setSelectedQuote(quote)}\n                className={`bg-white rounded-xl border p-4 cursor-pointer transition-all hover:border-slate-300 ${\n                  selectedQuote?.id === quote.id ? 'border-orange-500 ring-2 ring-orange-200' : 'border-slate-200'\n                }`}\n              >\n                <div className=\"flex items-start justify-between mb-2\">\n                  <div>\n                    <p className=\"text-xs text-slate-500\">{quote.number}</p>\n                    <p className=\"font-semibold text-slate-800\">{quote.jobType}</p>\n                  </div>\n                  <span className={`px-2 py-1 rounded-full text-xs font-medium ${statusConfig.bg} ${statusConfig.color}`}>\n                    {statusConfig.label}\n                  </span>\n                </div>\n                <p className=\"text-sm text-slate-600 mb-2\">{quote.customerName}</p>\n                <div className=\"flex items-center justify-between text-sm\">\n                  <span className=\"text-slate-500\">Valid: {quote.validUntil}</span>\n                  <span className=\"font-bold text-slate-800\">\n                    ${quote.options[0]?.total.toLocaleString()} - ${quote.options[quote.options.length - 1]?.total.toLocaleString()}\n                  </span>\n                </div>\n              </div>\n            );\n          })}\n        </div>\n      </div>\n\n      {/* Quote Detail */}\n      {selectedQuote ? (\n        <div className=\"lg:col-span-2 bg-white rounded-xl border border-slate-200 overflow-hidden\">\n          {/* Header */}\n          <div className=\"p-4 border-b border-slate-200 bg-slate-50\">\n            <div className=\"flex items-start justify-between\">\n              <div>\n                <p className=\"text-sm text-slate-500\">{selectedQuote.number}</p>\n                <h2 className=\"text-xl font-bold text-slate-800\">{selectedQuote.jobType}</h2>\n                <p className=\"text-slate-600\">{selectedQuote.customerName}</p>\n              </div>\n              <div className=\"flex items-center gap-2\">\n                {selectedQuote.status === 'draft' && (\n                  <button\n                    onClick={() => handleSendQuote(selectedQuote.id)}\n                    className=\"px-4 py-2 bg-blue-500 text-white rounded-lg hover:bg-blue-600 flex items-center gap-2\"\n                  >\n                    <Send className=\"w-4 h-4\" />\n                    Send Quote\n                  </button>\n                )}\n                <button\n                  onClick={() => handleDuplicateQuote(selectedQuote.id)}\n                  className=\"p-2 border border-slate-200 rounded-lg hover:bg-slate-50\"\n                  title=\"Duplicate\"\n                >\n                  <Copy className=\"w-4 h-4 text-slate-600\" />\n                </button>\n              </div>\n            </div>\n          </div>\n\n          {/* Customer Info */}\n          <div className=\"p-4 border-b border-slate-100\">\n            <div className=\"grid grid-cols-2 gap-4 text-sm\">\n              <div>\n                <p className=\"text-slate-500\">Customer</p>\n                <p className=\"text-slate-800\">{selectedQuote.customerName}</p>\n                <p className=\"text-slate-600\">{selectedQuote.customerEmail}</p>\n                <p className=\"text-slate-600\">{selectedQuote.customerPhone}</p>\n              </div>\n              <div>\n                <p className=\"text-slate-500\">Address</p>\n                <p className=\"text-slate-800\">{selectedQuote.customerAddress}</p>\n              </div>\n            </div>\n          </div>\n\n          {/* Description */}\n          <div className=\"p-4 border-b border-slate-100\">\n            <p className=\"text-sm text-slate-500 mb-1\">Description</p>\n            <p className=\"text-slate-800\">{selectedQuote.description}</p>\n          </div>\n\n          {/* Good-Better-Best Options */}\n          <div className=\"p-4\">\n            <h3 className=\"font-semibold text-slate-800 mb-4\">Pricing Options</h3>\n            <div className=\"grid grid-cols-1 md:grid-cols-3 gap-4\">\n              {selectedQuote.options.map((option) => (\n                <div\n                  key={option.tier}\n                  className={`relative rounded-xl border-2 p-4 ${\n                    option.recommended\n                      ? 'border-orange-500 bg-orange-50'\n                      : selectedQuote.selectedOption === option.tier\n                      ? 'border-green-500 bg-green-50'\n                      : 'border-slate-200'\n                  }`}\n                >\n                  {option.recommended && (\n                    <div className=\"absolute -top-3 left-1/2 -translate-x-1/2 px-3 py-1 bg-orange-500 text-white text-xs font-medium rounded-full flex items-center gap-1\">\n                      <Star className=\"w-3 h-3 fill-current\" />\n                      Recommended\n                    </div>\n                  )}\n                  {selectedQuote.selectedOption === option.tier && (\n                    <div className=\"absolute -top-3 left-1/2 -translate-x-1/2 px-3 py-1 bg-green-500 text-white text-xs font-medium rounded-full flex items-center gap-1\">\n                      <CheckCircle2 className=\"w-3 h-3\" />\n                      Selected\n                    </div>\n                  )}\n                  \n                  <div className=\"text-center mb-4\">\n                    <p className={`text-xs uppercase tracking-wide ${\n                      option.tier === 'good' ? 'text-slate-500' :\n                      option.tier === 'better' ? 'text-blue-600' :\n                      'text-purple-600'\n                    }`}>\n                      {option.tier}\n                    </p>\n                    <p className=\"text-lg font-bold text-slate-800 mt-1\">{option.name}</p>\n                    <p className=\"text-sm text-slate-500\">{option.description}</p>\n                  </div>\n                  \n                  <div className=\"space-y-2 mb-4\">\n                    {option.items.filter(i => !i.optional).map((item) => (\n                      <div key={item.id} className=\"flex items-center gap-2 text-sm\">\n                        <CheckCircle2 className=\"w-4 h-4 text-green-500 flex-shrink-0\" />\n                        <span className=\"text-slate-700\">{item.name}</span>\n                      </div>\n                    ))}\n                    {option.items.filter(i => i.optional).map((item) => (\n                      <div key={item.id} className=\"flex items-center gap-2 text-sm\">\n                        <Sparkles className=\"w-4 h-4 text-amber-500 flex-shrink-0\" />\n                        <span className=\"text-slate-500\">{item.name} (optional)</span>\n                      </div>\n                    ))}\n                  </div>\n                  \n                  <div className=\"border-t border-slate-200 pt-4\">\n                    {option.discount > 0 && (\n                      <div className=\"flex justify-between text-sm mb-1\">\n                        <span className=\"text-slate-500\">Subtotal</span>\n                        <span className=\"text-slate-500 line-through\">${option.subtotal.toLocaleString()}</span>\n                      </div>\n                    )}\n                    {option.discount > 0 && (\n                      <div className=\"flex justify-between text-sm mb-1\">\n                        <span className=\"text-green-600\">Discount</span>\n                        <span className=\"text-green-600\">-${option.discount.toLocaleString()}</span>\n                      </div>\n                    )}\n                    <div className=\"flex justify-between\">\n                      <span className=\"font-medium text-slate-800\">Total</span>\n                      <span className=\"text-2xl font-bold text-slate-800\">${option.total.toLocaleString()}</span>\n                    </div>\n                  </div>\n                </div>\n              ))}\n            </div>\n          </div>\n\n          {/* Financing */}\n          {selectedQuote.financingAvailable && (\n            <div className=\"p-4 border-t border-slate-100\">\n              <div className=\"bg-gradient-to-r from-green-50 to-emerald-50 border border-green-200 rounded-xl p-4\">\n                <div className=\"flex items-center gap-3\">\n                  <div className=\"p-2 bg-green-100 rounded-lg\">\n                    <CreditCard className=\"w-6 h-6 text-green-600\" />\n                  </div>\n                  <div>\n                    <p className=\"font-medium text-green-800\">Financing Available</p>\n                    <p className=\"text-sm text-green-700\">As low as $187/month with 0% APR for 60 months</p>\n                  </div>\n                </div>\n              </div>\n            </div>\n          )}\n\n          {/* Signature */}\n          {selectedQuote.signature && (\n            <div className=\"p-4 border-t border-slate-100\">\n              <div className=\"flex items-center gap-2 text-green-600\">\n                <FileSignature className=\"w-5 h-5\" />\n                <span className=\"font-medium\">Signed on {selectedQuote.signedDate}</span>\n              </div>\n            </div>\n          )}\n\n          {/* Notes */}\n          {selectedQuote.notes && (\n            <div className=\"p-4 border-t border-slate-100\">\n              <p className=\"text-sm text-slate-500 mb-1\">Internal Notes</p>\n              <p className=\"text-slate-700\">{selectedQuote.notes}</p>\n            </div>\n          )}\n        </div>\n      ) : (\n        <div className=\"lg:col-span-2 bg-white rounded-xl border border-slate-200 flex items-center justify-center h-96\">\n          <div className=\"text-center text-slate-500\">\n            <FileText className=\"w-12 h-12 mx-auto mb-2 text-slate-300\" />\n            <p>Select a quote to view details</p>\n          </div>\n        </div>\n      )}\n    </div>\n  );\n\n  // Price Book View\n  const PriceBookView = () => (\n    <div className=\"space-y-4\">\n      <div className=\"bg-white rounded-xl border border-slate-200 p-4\">\n        <div className=\"flex flex-col sm:flex-row gap-4\">\n          <div className=\"flex-1 relative\">\n            <Search className=\"absolute left-3 top-1/2 -translate-y-1/2 w-5 h-5 text-slate-400\" />\n            <input\n              type=\"text\"\n              placeholder=\"Search items, SKUs...\"\n              value={priceBookSearch}\n              onChange={(e) => setPriceBookSearch(e.target.value)}\n              className=\"w-full pl-10 pr-4 py-2 border border-slate-200 rounded-lg focus:ring-2 focus:ring-orange-500 outline-none\"\n            />\n          </div>\n          <select\n            value={selectedCategory}\n            onChange={(e) => setSelectedCategory(e.target.value)}\n            className=\"px-4 py-2 border border-slate-200 rounded-lg focus:ring-2 focus:ring-orange-500 outline-none\"\n          >\n            {categories.map((cat) => (\n              <option key={cat} value={cat}>{cat === 'all' ? 'All Categories' : cat}</option>\n            ))}\n          </select>\n          <div className=\"flex items-center gap-2\">\n            <span className=\"text-sm text-slate-600\">Markup Adj:</span>\n            <input\n              type=\"number\"\n              value={markupAdjustment}\n              onChange={(e) => setMarkupAdjustment(parseInt(e.target.value) || 0)}\n              className=\"w-20 px-2 py-2 border border-slate-200 rounded-lg text-center\"\n            />\n            <span className=\"text-sm text-slate-500\">%</span>\n          </div>\n        </div>\n      </div>\n\n      <div className=\"bg-white rounded-xl border border-slate-200 overflow-hidden\">\n        <table className=\"w-full\">\n          <thead className=\"bg-slate-50\">\n            <tr>\n              <th className=\"px-4 py-3 text-left text-xs font-medium text-slate-500 uppercase\">SKU</th>\n              <th className=\"px-4 py-3 text-left text-xs font-medium text-slate-500 uppercase\">Item</th>\n              <th className=\"px-4 py-3 text-left text-xs font-medium text-slate-500 uppercase\">Category</th>\n              <th className=\"px-4 py-3 text-right text-xs font-medium text-slate-500 uppercase\">Base Cost</th>\n              <th className=\"px-4 py-3 text-right text-xs font-medium text-slate-500 uppercase\">Labor</th>\n              <th className=\"px-4 py-3 text-right text-xs font-medium text-slate-500 uppercase\">Markup</th>\n              <th className=\"px-4 py-3 text-right text-xs font-medium text-slate-500 uppercase\">Price</th>\n            </tr>\n          </thead>\n          <tbody className=\"divide-y divide-slate-100\">\n            {filteredPriceBook.map((item) => {\n              const adjustedPrice = calculateAdjustedPrice(item);\n              const priceChanged = adjustedPrice !== item.finalPrice;\n              return (\n                <tr key={item.id} className=\"hover:bg-slate-50\">\n                  <td className=\"px-4 py-3 text-sm text-slate-600 font-mono\">{item.sku}</td>\n                  <td className=\"px-4 py-3\">\n                    <p className=\"text-sm font-medium text-slate-800\">{item.name}</p>\n                    <p className=\"text-xs text-slate-500\">{item.description}</p>\n                  </td>\n                  <td className=\"px-4 py-3 text-sm text-slate-600\">{item.category}</td>\n                  <td className=\"px-4 py-3 text-sm text-slate-600 text-right\">${item.basePrice.toLocaleString()}</td>\n                  <td className=\"px-4 py-3 text-sm text-slate-600 text-right\">\n                    {item.laborHours}h × ${item.laborRate}\n                  </td>\n                  <td className=\"px-4 py-3 text-sm text-right\">\n                    <span className={priceChanged ? 'text-orange-600 font-medium' : 'text-slate-600'}>\n                      {item.markup + markupAdjustment}%\n                    </span>\n                  </td>\n                  <td className=\"px-4 py-3 text-right\">\n                    <span className={`text-sm font-bold ${priceChanged ? 'text-orange-600' : 'text-slate-800'}`}>\n                      ${adjustedPrice.toLocaleString()}\n                    </span>\n                    {priceChanged && (\n                      <p className=\"text-xs text-slate-400 line-through\">${item.finalPrice.toLocaleString()}</p>\n                    )}\n                  </td>\n                </tr>\n              );\n            })}\n          </tbody>\n        </table>\n      </div>\n    </div>\n  );\n\n  return (\n    <div className=\"space-y-4\">\n      {/* Header */}\n      <div className=\"flex flex-col sm:flex-row sm:items-center justify-between gap-4\">\n        <div>\n          <h1 className=\"text-2xl font-bold text-slate-800\">Quotes</h1>\n          <p className=\"text-slate-500\">Create and manage customer estimates</p>\n        </div>\n        {(role === 'admin' || role === 'office') && (\n          <button\n            onClick={handleCreateQuote}\n            className=\"px-4 py-2 bg-orange-500 text-white rounded-lg hover:bg-orange-600 flex items-center gap-2\"\n          >\n            <Plus className=\"w-4 h-4\" />\n            New Quote\n          </button>\n        )}\n      </div>\n\n      {/* View Toggle */}\n      <div className=\"bg-white rounded-xl border border-slate-200 p-1 inline-flex\">\n        <button\n          onClick={() => setViewMode('list')}\n          className={`px-4 py-2 rounded-lg text-sm font-medium transition-colors flex items-center gap-2 ${\n            viewMode === 'list'\n              ? 'bg-orange-100 text-orange-700'\n              : 'text-slate-600 hover:text-slate-800'\n          }`}\n        >\n          <FileText className=\"w-4 h-4\" />\n          Quotes\n        </button>\n        <button\n          onClick={() => setViewMode('pricebook')}\n          className={`px-4 py-2 rounded-lg text-sm font-medium transition-colors flex items-center gap-2 ${\n            viewMode === 'pricebook'\n              ? 'bg-orange-100 text-orange-700'\n              : 'text-slate-600 hover:text-slate-800'\n          }`}\n        >\n          <Package className=\"w-4 h-4\" />\n          Price Book\n        </button>\n      </div>\n\n      {/* Stats */}\n      <div className=\"grid grid-cols-2 sm:grid-cols-4 gap-4\">\n        <div className=\"bg-white rounded-xl border border-slate-200 p-4\">\n          <p className=\"text-sm text-slate-500\">Pending</p>\n          <p className=\"text-2xl font-bold text-amber-600\">{quotes.filter(q => ['draft', 'sent', 'viewed'].includes(q.status)).length}</p>\n        </div>\n        <div className=\"bg-white rounded-xl border border-slate-200 p-4\">\n          <p className=\"text-sm text-slate-500\">Approved (MTD)</p>\n          <p className=\"text-2xl font-bold text-green-600\">{quotes.filter(q => q.status === 'approved').length}</p>\n        </div>\n        <div className=\"bg-white rounded-xl border border-slate-200 p-4\">\n          <p className=\"text-sm text-slate-500\">Approval Rate</p>\n          <p className=\"text-2xl font-bold text-blue-600\">67%</p>\n        </div>\n        <div className=\"bg-white rounded-xl border border-slate-200 p-4\">\n          <p className=\"text-sm text-slate-500\">Avg Quote Value</p>\n          <p className=\"text-2xl font-bold text-slate-800\">$4,850</p>\n        </div>\n      </div>\n\n      {/* Content */}\n      {viewMode === 'list' && <QuoteListView />}\n      {viewMode === 'pricebook' && <PriceBookView />}\n\n      {/* Create Quote Modal Placeholder */}\n      {showCreateModal && (\n        <div className=\"fixed inset-0 bg-black/50 flex items-center justify-center z-50\">\n          <div className=\"bg-white rounded-2xl w-full max-w-2xl mx-4 max-h-[90vh] overflow-y-auto\">\n            <div className=\"p-4 border-b border-slate-200 flex items-center justify-between\">\n              <h3 className=\"font-semibold text-slate-800\">Create New Quote</h3>\n              <button onClick={() => setShowCreateModal(false)} className=\"p-2 hover:bg-slate-100 rounded-lg\">\n                <X className=\"w-5 h-5 text-slate-600\" />\n              </button>\n            </div>\n            <div className=\"p-4 space-y-4\">\n              <div>\n                <label className=\"block text-sm font-medium text-slate-700 mb-1\">Customer</label>\n                <select className=\"w-full px-4 py-2 border border-slate-200 rounded-lg\">\n                  <option>Select customer...</option>\n                  <option>Johnson Residence</option>\n                  <option>Smith Commercial</option>\n                  <option>Davis Home</option>\n                </select>\n              </div>\n              <div>\n                <label className=\"block text-sm font-medium text-slate-700 mb-1\">Job Type</label>\n                <select className=\"w-full px-4 py-2 border border-slate-200 rounded-lg\">\n                  <option>HVAC Repair</option>\n                  <option>HVAC Installation</option>\n                  <option>Plumbing Repair</option>\n                  <option>Electrical</option>\n                </select>\n              </div>\n              <div>\n                <label className=\"block text-sm font-medium text-slate-700 mb-1\">Description</label>\n                <textarea\n                  rows={3}\n                  placeholder=\"Describe the work needed...\"\n                  className=\"w-full px-4 py-2 border border-slate-200 rounded-lg\"\n                />\n              </div>\n              <div className=\"border-t border-slate-100 pt-4\">\n                <p className=\"text-sm font-medium text-slate-700 mb-2\">Add Items from Price Book</p>\n                <p className=\"text-sm text-slate-500\">Quote builder would go here...</p>\n              </div>\n              <div className=\"flex gap-3\">\n                <button\n                  onClick={() => setShowCreateModal(false)}\n                  className=\"flex-1 py-2 border border-slate-200 text-slate-700 rounded-lg hover:bg-slate-50\"\n                >\n                  Cancel\n                </button>\n                <button\n                  onClick={() => { setShowCreateModal(false); alert('Quote created!'); }}\n                  className=\"flex-1 py-2 bg-orange-500 text-white rounded-lg hover:bg-orange-600\"\n                >\n                  Create Quote\n                </button>\n              </div>\n            </div>\n          </div>\n        </div>\n      )}\n    </div>\n  );\n};\n\nexport default Quoting;"
  }
}