{
  "_lds": {
    "uuid": "tradeos-customer-portal-2026-001",
    "type": "ui_component",
    "version": "1.0.0",
    "created": "2026-01-14T00:30:00Z",
    "parent": "tradeos-master-2026-001",
    "phase": 3,
    "sequence": 1
  },
  "core": {
    "name": "TradeOS Customer Portal",
    "description": "Homeowner-facing portal for appointment tracking, estimate approval, project progress, invoices, and communication.",
    "principle": "Customer role has view:my_* permissions only. Cannot see other customers or internal data."
  },
  "features": {
    "appointment_tracking": "View upcoming appointments with tech ETA",
    "estimate_approval": "Review and e-sign estimates",
    "project_progress": "Buildertrend-style project tracking",
    "invoice_management": "View and pay invoices online",
    "service_requests": "Request new service or callback",
    "live_chat": "Message office directly"
  },
  "react_component": {
    "filename": "CustomerPortal.tsx",
    "code": "import React, { useState, useCallback } from 'react';\nimport {\n  Home, Calendar, FileText, Receipt, MessageSquare, MapPin,\n  Clock, Phone, User, ChevronRight, CheckCircle2, AlertCircle,\n  CreditCard, Navigation, Truck, Star, Send, Plus, X,\n  FileSignature, DollarSign, Loader2, Check, Camera\n} from 'lucide-react';\nimport { useKernel } from './LDSKernel';\n\n// Types\ninterface Appointment {\n  id: string;\n  date: string;\n  time: string;\n  type: string;\n  technician: {\n    name: string;\n    photo: string;\n    phone: string;\n    rating: number;\n  };\n  status: 'scheduled' | 'en_route' | 'in_progress' | 'completed';\n  eta?: string;\n  address: string;\n}\n\ninterface Estimate {\n  id: string;\n  number: string;\n  date: string;\n  description: string;\n  items: { name: string; quantity: number; price: number }[];\n  total: number;\n  status: 'pending' | 'approved' | 'declined' | 'expired';\n  validUntil: string;\n}\n\ninterface Invoice {\n  id: string;\n  number: string;\n  date: string;\n  dueDate: string;\n  description: string;\n  amount: number;\n  status: 'paid' | 'pending' | 'overdue';\n  paidDate?: string;\n}\n\ninterface ProjectMilestone {\n  id: string;\n  name: string;\n  status: 'completed' | 'in_progress' | 'upcoming';\n  date?: string;\n  description: string;\n}\n\ninterface Message {\n  id: string;\n  text: string;\n  sender: 'customer' | 'office';\n  timestamp: string;\n  read: boolean;\n}\n\n// Mock Data\nconst MOCK_APPOINTMENTS: Appointment[] = [\n  {\n    id: 'apt-1',\n    date: 'Today',\n    time: '3:30 PM',\n    type: 'HVAC Maintenance',\n    technician: {\n      name: 'Mike Thompson',\n      photo: 'MT',\n      phone: '(555) 123-4567',\n      rating: 4.9\n    },\n    status: 'en_route',\n    eta: '12 minutes',\n    address: '123 Your Street, Philadelphia, PA'\n  },\n  {\n    id: 'apt-2',\n    date: 'Thu, Jan 16',\n    time: '10:00 AM',\n    type: 'Follow-up Inspection',\n    technician: {\n      name: 'Sarah Chen',\n      photo: 'SC',\n      phone: '(555) 234-5678',\n      rating: 4.8\n    },\n    status: 'scheduled',\n    address: '123 Your Street, Philadelphia, PA'\n  }\n];\n\nconst MOCK_ESTIMATES: Estimate[] = [\n  {\n    id: 'est-1',\n    number: 'EST-2026-0089',\n    date: 'Jan 10, 2026',\n    description: 'HVAC System Upgrade - 3 Ton Unit',\n    items: [\n      { name: 'Carrier 3-Ton AC Unit', quantity: 1, price: 4500 },\n      { name: 'Installation Labor', quantity: 1, price: 1200 },\n      { name: 'Ductwork Modification', quantity: 1, price: 800 },\n      { name: 'Permits & Inspection', quantity: 1, price: 350 }\n    ],\n    total: 6850,\n    status: 'pending',\n    validUntil: 'Jan 25, 2026'\n  },\n  {\n    id: 'est-2',\n    number: 'EST-2026-0072',\n    date: 'Jan 5, 2026',\n    description: 'Water Heater Replacement',\n    items: [\n      { name: 'Rheem 50-Gal Electric', quantity: 1, price: 1200 },\n      { name: 'Installation', quantity: 1, price: 450 },\n      { name: 'Old Unit Disposal', quantity: 1, price: 75 }\n    ],\n    total: 1725,\n    status: 'approved',\n    validUntil: 'Jan 20, 2026'\n  }\n];\n\nconst MOCK_INVOICES: Invoice[] = [\n  {\n    id: 'inv-1',\n    number: 'INV-2026-0142',\n    date: 'Jan 13, 2026',\n    dueDate: 'Jan 28, 2026',\n    description: 'HVAC Repair - Refrigerant Recharge',\n    amount: 425,\n    status: 'pending'\n  },\n  {\n    id: 'inv-2',\n    number: 'INV-2025-0891',\n    date: 'Dec 15, 2025',\n    dueDate: 'Dec 30, 2025',\n    description: 'Annual Maintenance Service',\n    amount: 199,\n    status: 'paid',\n    paidDate: 'Dec 22, 2025'\n  },\n  {\n    id: 'inv-3',\n    number: 'INV-2025-0756',\n    date: 'Nov 1, 2025',\n    dueDate: 'Nov 16, 2025',\n    description: 'Emergency Plumbing Repair',\n    amount: 375,\n    status: 'paid',\n    paidDate: 'Nov 10, 2025'\n  }\n];\n\nconst MOCK_PROJECT: ProjectMilestone[] = [\n  { id: 'm1', name: 'Initial Consultation', status: 'completed', date: 'Jan 5', description: 'Site visit and assessment' },\n  { id: 'm2', name: 'Estimate Approved', status: 'completed', date: 'Jan 10', description: 'Customer approved proposal' },\n  { id: 'm3', name: 'Permits Filed', status: 'completed', date: 'Jan 12', description: 'City permits submitted' },\n  { id: 'm4', name: 'Equipment Ordered', status: 'in_progress', description: 'Waiting for delivery (ETA: Jan 18)' },\n  { id: 'm5', name: 'Installation', status: 'upcoming', description: 'Scheduled for Jan 20-21' },\n  { id: 'm6', name: 'Final Inspection', status: 'upcoming', description: 'City inspector sign-off' }\n];\n\nconst MOCK_MESSAGES: Message[] = [\n  { id: 'm1', text: 'Hi! Your technician Mike is on his way. ETA 12 minutes.', sender: 'office', timestamp: '3:18 PM', read: true },\n  { id: 'm2', text: 'Great, thank you!', sender: 'customer', timestamp: '3:19 PM', read: true },\n  { id: 'm3', text: 'Mike has arrived and is starting the maintenance check.', sender: 'office', timestamp: '3:32 PM', read: false }\n];\n\ntype PortalTab = 'home' | 'appointments' | 'estimates' | 'invoices' | 'messages' | 'project';\n\nexport const CustomerPortal: React.FC = () => {\n  const { validate } = useKernel();\n  const [activeTab, setActiveTab] = useState<PortalTab>('home');\n  const [selectedEstimate, setSelectedEstimate] = useState<Estimate | null>(null);\n  const [showPaymentModal, setShowPaymentModal] = useState(false);\n  const [selectedInvoice, setSelectedInvoice] = useState<Invoice | null>(null);\n  const [messages, setMessages] = useState<Message[]>(MOCK_MESSAGES);\n  const [newMessage, setNewMessage] = useState('');\n  const [showServiceRequest, setShowServiceRequest] = useState(false);\n\n  const handleApproveEstimate = useCallback((estimateId: string) => {\n    const result = validate('quote:approve', { authenticated: true });\n    if (result.result !== 'ALLOWED') {\n      alert(`Action denied: ${result.reason}`);\n      return;\n    }\n    alert('Estimate approved! We will contact you to schedule the work.');\n    setSelectedEstimate(null);\n  }, [validate]);\n\n  const handleDeclineEstimate = useCallback((estimateId: string) => {\n    const result = validate('quote:decline', { authenticated: true });\n    if (result.result !== 'ALLOWED') {\n      alert(`Action denied: ${result.reason}`);\n      return;\n    }\n    alert('Estimate declined. Let us know if you change your mind!');\n    setSelectedEstimate(null);\n  }, [validate]);\n\n  const handlePayInvoice = useCallback((invoiceId: string) => {\n    const result = validate('payment:make', { authenticated: true });\n    if (result.result !== 'ALLOWED') {\n      alert(`Action denied: ${result.reason}`);\n      return;\n    }\n    alert('Payment processed successfully!');\n    setShowPaymentModal(false);\n    setSelectedInvoice(null);\n  }, [validate]);\n\n  const handleSendMessage = useCallback(() => {\n    if (!newMessage.trim()) return;\n    const result = validate('create:message', { authenticated: true });\n    if (result.result !== 'ALLOWED') {\n      alert(`Action denied: ${result.reason}`);\n      return;\n    }\n    setMessages(prev => [...prev, {\n      id: `m-${Date.now()}`,\n      text: newMessage,\n      sender: 'customer',\n      timestamp: new Date().toLocaleTimeString('en-US', { hour: 'numeric', minute: '2-digit' }),\n      read: true\n    }]);\n    setNewMessage('');\n  }, [validate, newMessage]);\n\n  const handleServiceRequest = useCallback(() => {\n    const result = validate('create:service_request', { authenticated: true });\n    if (result.result !== 'ALLOWED') {\n      alert(`Action denied: ${result.reason}`);\n      return;\n    }\n    alert('Service request submitted! We will contact you within 24 hours.');\n    setShowServiceRequest(false);\n  }, [validate]);\n\n  const pendingEstimates = MOCK_ESTIMATES.filter(e => e.status === 'pending').length;\n  const pendingInvoices = MOCK_INVOICES.filter(i => i.status === 'pending').length;\n  const unreadMessages = messages.filter(m => !m.read && m.sender === 'office').length;\n\n  // Home Tab\n  const HomeTab = () => (\n    <div className=\"space-y-6\">\n      {/* Next Appointment Card */}\n      {MOCK_APPOINTMENTS[0] && (\n        <div className=\"bg-gradient-to-r from-orange-500 to-red-500 rounded-2xl p-6 text-white\">\n          <div className=\"flex items-start justify-between\">\n            <div>\n              <p className=\"text-orange-100 text-sm\">Next Appointment</p>\n              <p className=\"text-2xl font-bold mt-1\">{MOCK_APPOINTMENTS[0].date} at {MOCK_APPOINTMENTS[0].time}</p>\n              <p className=\"text-orange-100 mt-1\">{MOCK_APPOINTMENTS[0].type}</p>\n            </div>\n            {MOCK_APPOINTMENTS[0].status === 'en_route' && (\n              <div className=\"bg-white/20 rounded-lg px-3 py-2 text-center\">\n                <Navigation className=\"w-5 h-5 mx-auto mb-1\" />\n                <p className=\"text-xs\">ETA</p>\n                <p className=\"font-bold\">{MOCK_APPOINTMENTS[0].eta}</p>\n              </div>\n            )}\n          </div>\n          \n          {MOCK_APPOINTMENTS[0].status === 'en_route' && (\n            <div className=\"mt-4 p-3 bg-white/10 rounded-lg flex items-center gap-3\">\n              <div className=\"w-12 h-12 bg-white/20 rounded-full flex items-center justify-center font-bold\">\n                {MOCK_APPOINTMENTS[0].technician.photo}\n              </div>\n              <div className=\"flex-1\">\n                <p className=\"font-medium\">{MOCK_APPOINTMENTS[0].technician.name}</p>\n                <div className=\"flex items-center gap-1 text-sm text-orange-100\">\n                  <Star className=\"w-3 h-3 fill-current\" />\n                  {MOCK_APPOINTMENTS[0].technician.rating}\n                </div>\n              </div>\n              <a href={`tel:${MOCK_APPOINTMENTS[0].technician.phone}`} className=\"p-3 bg-white/20 rounded-full hover:bg-white/30\">\n                <Phone className=\"w-5 h-5\" />\n              </a>\n            </div>\n          )}\n          \n          <button\n            onClick={() => setActiveTab('appointments')}\n            className=\"mt-4 w-full py-2 bg-white/20 hover:bg-white/30 rounded-lg text-sm font-medium transition-colors flex items-center justify-center gap-2\"\n          >\n            <MapPin className=\"w-4 h-4\" />\n            Track Technician\n          </button>\n        </div>\n      )}\n\n      {/* Quick Actions */}\n      <div className=\"grid grid-cols-2 gap-4\">\n        <button\n          onClick={() => setActiveTab('estimates')}\n          className=\"p-4 bg-white border border-slate-200 rounded-xl hover:border-orange-300 hover:bg-orange-50 transition-all text-left relative\"\n        >\n          {pendingEstimates > 0 && (\n            <span className=\"absolute top-2 right-2 w-5 h-5 bg-orange-500 text-white text-xs rounded-full flex items-center justify-center\">\n              {pendingEstimates}\n            </span>\n          )}\n          <FileText className=\"w-6 h-6 text-slate-600 mb-2\" />\n          <p className=\"font-medium text-slate-800\">Estimates</p>\n          <p className=\"text-sm text-slate-500\">{pendingEstimates} pending approval</p>\n        </button>\n        \n        <button\n          onClick={() => setActiveTab('invoices')}\n          className=\"p-4 bg-white border border-slate-200 rounded-xl hover:border-orange-300 hover:bg-orange-50 transition-all text-left relative\"\n        >\n          {pendingInvoices > 0 && (\n            <span className=\"absolute top-2 right-2 w-5 h-5 bg-amber-500 text-white text-xs rounded-full flex items-center justify-center\">\n              {pendingInvoices}\n            </span>\n          )}\n          <Receipt className=\"w-6 h-6 text-slate-600 mb-2\" />\n          <p className=\"font-medium text-slate-800\">Invoices</p>\n          <p className=\"text-sm text-slate-500\">${MOCK_INVOICES.filter(i => i.status === 'pending').reduce((sum, i) => sum + i.amount, 0)} due</p>\n        </button>\n        \n        <button\n          onClick={() => setActiveTab('messages')}\n          className=\"p-4 bg-white border border-slate-200 rounded-xl hover:border-orange-300 hover:bg-orange-50 transition-all text-left relative\"\n        >\n          {unreadMessages > 0 && (\n            <span className=\"absolute top-2 right-2 w-5 h-5 bg-blue-500 text-white text-xs rounded-full flex items-center justify-center\">\n              {unreadMessages}\n            </span>\n          )}\n          <MessageSquare className=\"w-6 h-6 text-slate-600 mb-2\" />\n          <p className=\"font-medium text-slate-800\">Messages</p>\n          <p className=\"text-sm text-slate-500\">Chat with us</p>\n        </button>\n        \n        <button\n          onClick={() => setShowServiceRequest(true)}\n          className=\"p-4 bg-white border border-slate-200 rounded-xl hover:border-orange-300 hover:bg-orange-50 transition-all text-left\"\n        >\n          <Plus className=\"w-6 h-6 text-slate-600 mb-2\" />\n          <p className=\"font-medium text-slate-800\">Request Service</p>\n          <p className=\"text-sm text-slate-500\">Schedule a visit</p>\n        </button>\n      </div>\n\n      {/* Active Project */}\n      <div className=\"bg-white rounded-xl border border-slate-200 overflow-hidden\">\n        <div className=\"p-4 border-b border-slate-100 flex items-center justify-between\">\n          <div>\n            <h3 className=\"font-semibold text-slate-800\">Active Project</h3>\n            <p className=\"text-sm text-slate-500\">HVAC System Upgrade</p>\n          </div>\n          <button\n            onClick={() => setActiveTab('project')}\n            className=\"text-orange-600 text-sm font-medium hover:text-orange-700\"\n          >\n            View Details\n          </button>\n        </div>\n        <div className=\"p-4\">\n          <div className=\"flex items-center gap-2 mb-3\">\n            <div className=\"flex-1 h-2 bg-slate-100 rounded-full overflow-hidden\">\n              <div className=\"h-full bg-green-500 rounded-full\" style={{ width: '50%' }} />\n            </div>\n            <span className=\"text-sm text-slate-600\">50%</span>\n          </div>\n          <p className=\"text-sm text-slate-600\">Current: Equipment Ordered (ETA: Jan 18)</p>\n        </div>\n      </div>\n    </div>\n  );\n\n  // Appointments Tab\n  const AppointmentsTab = () => (\n    <div className=\"space-y-4\">\n      <h2 className=\"text-xl font-bold text-slate-800\">Your Appointments</h2>\n      \n      {MOCK_APPOINTMENTS.map((apt) => (\n        <div key={apt.id} className=\"bg-white rounded-xl border border-slate-200 p-4\">\n          <div className=\"flex items-start justify-between mb-3\">\n            <div>\n              <p className=\"font-semibold text-slate-800\">{apt.type}</p>\n              <p className=\"text-sm text-slate-500\">{apt.date} at {apt.time}</p>\n            </div>\n            <span className={`px-3 py-1 rounded-full text-xs font-medium ${\n              apt.status === 'en_route' ? 'bg-blue-100 text-blue-700' :\n              apt.status === 'in_progress' ? 'bg-green-100 text-green-700' :\n              apt.status === 'completed' ? 'bg-slate-100 text-slate-600' :\n              'bg-orange-100 text-orange-700'\n            }`}>\n              {apt.status === 'en_route' ? `On the way - ${apt.eta}` :\n               apt.status.replace('_', ' ').replace(/\\b\\w/g, l => l.toUpperCase())}\n            </span>\n          </div>\n          \n          <div className=\"flex items-center gap-3 p-3 bg-slate-50 rounded-lg\">\n            <div className=\"w-10 h-10 bg-orange-100 text-orange-600 rounded-full flex items-center justify-center font-medium\">\n              {apt.technician.photo}\n            </div>\n            <div className=\"flex-1\">\n              <p className=\"font-medium text-slate-800\">{apt.technician.name}</p>\n              <div className=\"flex items-center gap-1 text-sm text-slate-500\">\n                <Star className=\"w-3 h-3 text-amber-400 fill-current\" />\n                {apt.technician.rating} rating\n              </div>\n            </div>\n            <a href={`tel:${apt.technician.phone}`} className=\"p-2 bg-green-100 text-green-600 rounded-lg hover:bg-green-200\">\n              <Phone className=\"w-5 h-5\" />\n            </a>\n          </div>\n          \n          {apt.status === 'en_route' && (\n            <div className=\"mt-3 p-3 bg-blue-50 border border-blue-200 rounded-lg\">\n              <div className=\"flex items-center gap-2 text-blue-700\">\n                <Truck className=\"w-5 h-5\" />\n                <span className=\"font-medium\">Technician is on the way!</span>\n              </div>\n              <p className=\"text-sm text-blue-600 mt-1\">Estimated arrival: {apt.eta}</p>\n              {/* Map placeholder */}\n              <div className=\"mt-3 h-32 bg-blue-100 rounded-lg flex items-center justify-center\">\n                <div className=\"text-center text-blue-400\">\n                  <MapPin className=\"w-8 h-8 mx-auto\" />\n                  <p className=\"text-sm mt-1\">Live tracking map</p>\n                </div>\n              </div>\n            </div>\n          )}\n        </div>\n      ))}\n      \n      <button\n        onClick={() => setShowServiceRequest(true)}\n        className=\"w-full py-3 border-2 border-dashed border-slate-300 rounded-xl text-slate-600 hover:border-orange-400 hover:text-orange-600 hover:bg-orange-50 transition-colors flex items-center justify-center gap-2\"\n      >\n        <Plus className=\"w-5 h-5\" />\n        Request New Appointment\n      </button>\n    </div>\n  );\n\n  // Estimates Tab\n  const EstimatesTab = () => (\n    <div className=\"space-y-4\">\n      <h2 className=\"text-xl font-bold text-slate-800\">Your Estimates</h2>\n      \n      {MOCK_ESTIMATES.map((est) => (\n        <div\n          key={est.id}\n          onClick={() => est.status === 'pending' && setSelectedEstimate(est)}\n          className={`bg-white rounded-xl border border-slate-200 p-4 ${\n            est.status === 'pending' ? 'cursor-pointer hover:border-orange-300' : ''\n          }`}\n        >\n          <div className=\"flex items-start justify-between mb-2\">\n            <div>\n              <p className=\"text-sm text-slate-500\">{est.number}</p>\n              <p className=\"font-semibold text-slate-800\">{est.description}</p>\n            </div>\n            <span className={`px-3 py-1 rounded-full text-xs font-medium ${\n              est.status === 'pending' ? 'bg-amber-100 text-amber-700' :\n              est.status === 'approved' ? 'bg-green-100 text-green-700' :\n              est.status === 'declined' ? 'bg-red-100 text-red-700' :\n              'bg-slate-100 text-slate-600'\n            }`}>\n              {est.status.charAt(0).toUpperCase() + est.status.slice(1)}\n            </span>\n          </div>\n          \n          <div className=\"flex items-center justify-between text-sm\">\n            <span className=\"text-slate-500\">Created: {est.date}</span>\n            <span className=\"font-bold text-slate-800\">${est.total.toLocaleString()}</span>\n          </div>\n          \n          {est.status === 'pending' && (\n            <div className=\"mt-3 flex items-center gap-2 text-sm text-amber-600\">\n              <AlertCircle className=\"w-4 h-4\" />\n              <span>Valid until {est.validUntil}</span>\n              <ChevronRight className=\"w-4 h-4 ml-auto\" />\n            </div>\n          )}\n        </div>\n      ))}\n    </div>\n  );\n\n  // Invoices Tab\n  const InvoicesTab = () => (\n    <div className=\"space-y-4\">\n      <h2 className=\"text-xl font-bold text-slate-800\">Your Invoices</h2>\n      \n      {MOCK_INVOICES.map((inv) => (\n        <div key={inv.id} className=\"bg-white rounded-xl border border-slate-200 p-4\">\n          <div className=\"flex items-start justify-between mb-2\">\n            <div>\n              <p className=\"text-sm text-slate-500\">{inv.number}</p>\n              <p className=\"font-semibold text-slate-800\">{inv.description}</p>\n            </div>\n            <span className={`px-3 py-1 rounded-full text-xs font-medium ${\n              inv.status === 'paid' ? 'bg-green-100 text-green-700' :\n              inv.status === 'overdue' ? 'bg-red-100 text-red-700' :\n              'bg-amber-100 text-amber-700'\n            }`}>\n              {inv.status.charAt(0).toUpperCase() + inv.status.slice(1)}\n            </span>\n          </div>\n          \n          <div className=\"flex items-center justify-between\">\n            <div className=\"text-sm text-slate-500\">\n              {inv.status === 'paid' ? `Paid: ${inv.paidDate}` : `Due: ${inv.dueDate}`}\n            </div>\n            <span className=\"text-xl font-bold text-slate-800\">${inv.amount}</span>\n          </div>\n          \n          {inv.status === 'pending' && (\n            <button\n              onClick={() => { setSelectedInvoice(inv); setShowPaymentModal(true); }}\n              className=\"mt-3 w-full py-2 bg-green-500 text-white rounded-lg hover:bg-green-600 flex items-center justify-center gap-2\"\n            >\n              <CreditCard className=\"w-4 h-4\" />\n              Pay Now\n            </button>\n          )}\n        </div>\n      ))}\n    </div>\n  );\n\n  // Messages Tab\n  const MessagesTab = () => (\n    <div className=\"flex flex-col h-96\">\n      <h2 className=\"text-xl font-bold text-slate-800 mb-4\">Messages</h2>\n      \n      <div className=\"flex-1 overflow-y-auto space-y-3 mb-4\">\n        {messages.map((msg) => (\n          <div\n            key={msg.id}\n            className={`flex ${msg.sender === 'customer' ? 'justify-end' : 'justify-start'}`}\n          >\n            <div className={`max-w-xs px-4 py-2 rounded-2xl ${\n              msg.sender === 'customer'\n                ? 'bg-orange-500 text-white rounded-br-md'\n                : 'bg-slate-100 text-slate-800 rounded-bl-md'\n            }`}>\n              <p>{msg.text}</p>\n              <p className={`text-xs mt-1 ${msg.sender === 'customer' ? 'text-orange-100' : 'text-slate-400'}`}>\n                {msg.timestamp}\n              </p>\n            </div>\n          </div>\n        ))}\n      </div>\n      \n      <div className=\"flex gap-2\">\n        <input\n          type=\"text\"\n          value={newMessage}\n          onChange={(e) => setNewMessage(e.target.value)}\n          placeholder=\"Type a message...\"\n          className=\"flex-1 px-4 py-2 border border-slate-200 rounded-full focus:ring-2 focus:ring-orange-500 focus:border-orange-500 outline-none\"\n          onKeyDown={(e) => e.key === 'Enter' && handleSendMessage()}\n        />\n        <button\n          onClick={handleSendMessage}\n          className=\"p-2 bg-orange-500 text-white rounded-full hover:bg-orange-600\"\n        >\n          <Send className=\"w-5 h-5\" />\n        </button>\n      </div>\n    </div>\n  );\n\n  // Project Tab\n  const ProjectTab = () => (\n    <div className=\"space-y-4\">\n      <div>\n        <h2 className=\"text-xl font-bold text-slate-800\">Project Progress</h2>\n        <p className=\"text-slate-500\">HVAC System Upgrade</p>\n      </div>\n      \n      <div className=\"bg-white rounded-xl border border-slate-200 p-4\">\n        <div className=\"flex items-center gap-3 mb-4\">\n          <div className=\"flex-1\">\n            <div className=\"flex items-center justify-between mb-1\">\n              <span className=\"text-sm font-medium text-slate-700\">Overall Progress</span>\n              <span className=\"text-sm text-slate-600\">50%</span>\n            </div>\n            <div className=\"h-3 bg-slate-100 rounded-full overflow-hidden\">\n              <div className=\"h-full bg-gradient-to-r from-green-400 to-green-500 rounded-full\" style={{ width: '50%' }} />\n            </div>\n          </div>\n        </div>\n        \n        <div className=\"space-y-4\">\n          {MOCK_PROJECT.map((milestone, index) => (\n            <div key={milestone.id} className=\"flex gap-4\">\n              <div className=\"flex flex-col items-center\">\n                <div className={`w-8 h-8 rounded-full flex items-center justify-center ${\n                  milestone.status === 'completed' ? 'bg-green-500 text-white' :\n                  milestone.status === 'in_progress' ? 'bg-blue-500 text-white' :\n                  'bg-slate-200 text-slate-400'\n                }`}>\n                  {milestone.status === 'completed' ? <Check className=\"w-4 h-4\" /> :\n                   milestone.status === 'in_progress' ? <Loader2 className=\"w-4 h-4 animate-spin\" /> :\n                   <span className=\"text-sm\">{index + 1}</span>}\n                </div>\n                {index < MOCK_PROJECT.length - 1 && (\n                  <div className={`w-0.5 h-12 ${\n                    milestone.status === 'completed' ? 'bg-green-500' : 'bg-slate-200'\n                  }`} />\n                )}\n              </div>\n              <div className=\"flex-1 pb-4\">\n                <div className=\"flex items-center gap-2\">\n                  <p className=\"font-medium text-slate-800\">{milestone.name}</p>\n                  {milestone.date && (\n                    <span className=\"text-xs text-slate-500\">{milestone.date}</span>\n                  )}\n                </div>\n                <p className=\"text-sm text-slate-500 mt-1\">{milestone.description}</p>\n              </div>\n            </div>\n          ))}\n        </div>\n      </div>\n    </div>\n  );\n\n  return (\n    <div className=\"min-h-screen bg-slate-50\">\n      {/* Header */}\n      <header className=\"bg-white border-b border-slate-200 px-4 py-4\">\n        <div className=\"flex items-center justify-between\">\n          <div className=\"flex items-center gap-3\">\n            <div className=\"w-10 h-10 bg-gradient-to-br from-orange-500 to-red-600 rounded-lg flex items-center justify-center\">\n              <span className=\"text-white font-bold\">T</span>\n            </div>\n            <div>\n              <p className=\"font-semibold text-slate-800\">TradeOS</p>\n              <p className=\"text-xs text-slate-500\">Customer Portal</p>\n            </div>\n          </div>\n          <div className=\"w-10 h-10 bg-slate-100 rounded-full flex items-center justify-center\">\n            <User className=\"w-5 h-5 text-slate-600\" />\n          </div>\n        </div>\n      </header>\n\n      {/* Content */}\n      <main className=\"p-4 pb-24\">\n        {activeTab === 'home' && <HomeTab />}\n        {activeTab === 'appointments' && <AppointmentsTab />}\n        {activeTab === 'estimates' && <EstimatesTab />}\n        {activeTab === 'invoices' && <InvoicesTab />}\n        {activeTab === 'messages' && <MessagesTab />}\n        {activeTab === 'project' && <ProjectTab />}\n      </main>\n\n      {/* Bottom Navigation */}\n      <nav className=\"fixed bottom-0 left-0 right-0 bg-white border-t border-slate-200 px-4 py-2\">\n        <div className=\"flex justify-around\">\n          {[\n            { id: 'home', icon: Home, label: 'Home' },\n            { id: 'appointments', icon: Calendar, label: 'Appts' },\n            { id: 'estimates', icon: FileText, label: 'Quotes', badge: pendingEstimates },\n            { id: 'invoices', icon: Receipt, label: 'Bills', badge: pendingInvoices },\n            { id: 'messages', icon: MessageSquare, label: 'Chat', badge: unreadMessages }\n          ].map((tab) => (\n            <button\n              key={tab.id}\n              onClick={() => setActiveTab(tab.id as PortalTab)}\n              className={`flex flex-col items-center py-2 px-3 rounded-lg relative ${\n                activeTab === tab.id ? 'text-orange-600' : 'text-slate-400'\n              }`}\n            >\n              {tab.badge > 0 && (\n                <span className=\"absolute -top-1 right-0 w-4 h-4 bg-red-500 text-white text-xs rounded-full flex items-center justify-center\">\n                  {tab.badge}\n                </span>\n              )}\n              <tab.icon className=\"w-5 h-5\" />\n              <span className=\"text-xs mt-1\">{tab.label}</span>\n            </button>\n          ))}\n        </div>\n      </nav>\n\n      {/* Estimate Detail Modal */}\n      {selectedEstimate && (\n        <div className=\"fixed inset-0 bg-black/50 flex items-end sm:items-center justify-center z-50\">\n          <div className=\"bg-white w-full sm:max-w-lg sm:rounded-2xl rounded-t-2xl max-h-[80vh] overflow-y-auto\">\n            <div className=\"p-4 border-b border-slate-200 flex items-center justify-between\">\n              <div>\n                <p className=\"text-sm text-slate-500\">{selectedEstimate.number}</p>\n                <h3 className=\"font-semibold text-slate-800\">{selectedEstimate.description}</h3>\n              </div>\n              <button onClick={() => setSelectedEstimate(null)} className=\"p-2 hover:bg-slate-100 rounded-lg\">\n                <X className=\"w-5 h-5 text-slate-600\" />\n              </button>\n            </div>\n            \n            <div className=\"p-4 space-y-4\">\n              <div className=\"space-y-2\">\n                {selectedEstimate.items.map((item, i) => (\n                  <div key={i} className=\"flex justify-between py-2 border-b border-slate-100\">\n                    <div>\n                      <p className=\"text-slate-800\">{item.name}</p>\n                      <p className=\"text-sm text-slate-500\">Qty: {item.quantity}</p>\n                    </div>\n                    <p className=\"font-medium text-slate-800\">${item.price.toLocaleString()}</p>\n                  </div>\n                ))}\n              </div>\n              \n              <div className=\"flex justify-between py-3 border-t-2 border-slate-200\">\n                <p className=\"font-bold text-slate-800\">Total</p>\n                <p className=\"text-2xl font-bold text-slate-800\">${selectedEstimate.total.toLocaleString()}</p>\n              </div>\n              \n              <p className=\"text-sm text-amber-600 flex items-center gap-1\">\n                <AlertCircle className=\"w-4 h-4\" />\n                Valid until {selectedEstimate.validUntil}\n              </p>\n              \n              <div className=\"flex gap-3\">\n                <button\n                  onClick={() => handleDeclineEstimate(selectedEstimate.id)}\n                  className=\"flex-1 py-3 border border-slate-200 text-slate-700 rounded-xl hover:bg-slate-50\"\n                >\n                  Decline\n                </button>\n                <button\n                  onClick={() => handleApproveEstimate(selectedEstimate.id)}\n                  className=\"flex-1 py-3 bg-green-500 text-white rounded-xl hover:bg-green-600 flex items-center justify-center gap-2\"\n                >\n                  <FileSignature className=\"w-5 h-5\" />\n                  Approve & Sign\n                </button>\n              </div>\n            </div>\n          </div>\n        </div>\n      )}\n\n      {/* Payment Modal */}\n      {showPaymentModal && selectedInvoice && (\n        <div className=\"fixed inset-0 bg-black/50 flex items-end sm:items-center justify-center z-50\">\n          <div className=\"bg-white w-full sm:max-w-md sm:rounded-2xl rounded-t-2xl\">\n            <div className=\"p-4 border-b border-slate-200 flex items-center justify-between\">\n              <h3 className=\"font-semibold text-slate-800\">Pay Invoice</h3>\n              <button onClick={() => setShowPaymentModal(false)} className=\"p-2 hover:bg-slate-100 rounded-lg\">\n                <X className=\"w-5 h-5 text-slate-600\" />\n              </button>\n            </div>\n            \n            <div className=\"p-4 space-y-4\">\n              <div className=\"text-center py-4\">\n                <p className=\"text-sm text-slate-500\">{selectedInvoice.number}</p>\n                <p className=\"text-3xl font-bold text-slate-800 mt-1\">${selectedInvoice.amount}</p>\n              </div>\n              \n              <div className=\"space-y-3\">\n                <input\n                  type=\"text\"\n                  placeholder=\"Card Number\"\n                  className=\"w-full px-4 py-3 border border-slate-200 rounded-xl focus:ring-2 focus:ring-orange-500 outline-none\"\n                />\n                <div className=\"flex gap-3\">\n                  <input\n                    type=\"text\"\n                    placeholder=\"MM/YY\"\n                    className=\"flex-1 px-4 py-3 border border-slate-200 rounded-xl focus:ring-2 focus:ring-orange-500 outline-none\"\n                  />\n                  <input\n                    type=\"text\"\n                    placeholder=\"CVC\"\n                    className=\"flex-1 px-4 py-3 border border-slate-200 rounded-xl focus:ring-2 focus:ring-orange-500 outline-none\"\n                  />\n                </div>\n              </div>\n              \n              <button\n                onClick={() => handlePayInvoice(selectedInvoice.id)}\n                className=\"w-full py-3 bg-green-500 text-white rounded-xl hover:bg-green-600 flex items-center justify-center gap-2\"\n              >\n                <CreditCard className=\"w-5 h-5\" />\n                Pay ${selectedInvoice.amount}\n              </button>\n            </div>\n          </div>\n        </div>\n      )}\n\n      {/* Service Request Modal */}\n      {showServiceRequest && (\n        <div className=\"fixed inset-0 bg-black/50 flex items-end sm:items-center justify-center z-50\">\n          <div className=\"bg-white w-full sm:max-w-md sm:rounded-2xl rounded-t-2xl\">\n            <div className=\"p-4 border-b border-slate-200 flex items-center justify-between\">\n              <h3 className=\"font-semibold text-slate-800\">Request Service</h3>\n              <button onClick={() => setShowServiceRequest(false)} className=\"p-2 hover:bg-slate-100 rounded-lg\">\n                <X className=\"w-5 h-5 text-slate-600\" />\n              </button>\n            </div>\n            \n            <div className=\"p-4 space-y-4\">\n              <div>\n                <label className=\"block text-sm font-medium text-slate-700 mb-1\">Service Type</label>\n                <select className=\"w-full px-4 py-3 border border-slate-200 rounded-xl focus:ring-2 focus:ring-orange-500 outline-none\">\n                  <option>HVAC Repair</option>\n                  <option>Plumbing</option>\n                  <option>Electrical</option>\n                  <option>General Maintenance</option>\n                  <option>Other</option>\n                </select>\n              </div>\n              \n              <div>\n                <label className=\"block text-sm font-medium text-slate-700 mb-1\">Describe the issue</label>\n                <textarea\n                  rows={3}\n                  placeholder=\"Tell us what's happening...\"\n                  className=\"w-full px-4 py-3 border border-slate-200 rounded-xl focus:ring-2 focus:ring-orange-500 outline-none\"\n                />\n              </div>\n              \n              <div>\n                <label className=\"block text-sm font-medium text-slate-700 mb-1\">Urgency</label>\n                <div className=\"flex gap-2\">\n                  <button className=\"flex-1 py-2 border border-slate-200 rounded-lg text-sm hover:border-orange-300\">Normal</button>\n                  <button className=\"flex-1 py-2 border border-amber-300 bg-amber-50 rounded-lg text-sm text-amber-700\">Urgent</button>\n                  <button className=\"flex-1 py-2 border border-slate-200 rounded-lg text-sm hover:border-orange-300\">Emergency</button>\n                </div>\n              </div>\n              \n              <button\n                onClick={handleServiceRequest}\n                className=\"w-full py-3 bg-orange-500 text-white rounded-xl hover:bg-orange-600\"\n              >\n                Submit Request\n              </button>\n            </div>\n          </div>\n        </div>\n      )}\n    </div>\n  );\n};\n\nexport default CustomerPortal;"
  }
}