{
  "_lds": {
    "uuid": "tradeos-phase6-complete-2026-001",
    "type": "phase_summary",
    "version": "1.0.0",
    "created": "2026-01-14T04:45:00Z",
    "parent": "tradeos-master-2026-001",
    "phase": 6,
    "status": "COMPLETE"
  },
  "summary": {
    "phase_name": "OPERATIONS (FINAL)",
    "entities_created": 3,
    "files": [
      "TRADEOS_TEAM.lds.json - Employee directory, certifications, training, time-off, payroll",
      "TRADEOS_INVENTORY.lds.json - Parts catalog, truck stock, purchase orders, suppliers",
      "TRADEOS_REMODELER.lds.json - Project phases, change orders, photos, selections, draws, punch list"
    ],
    "key_features_delivered": [
      "Employee directory with profile cards and detail view",
      "Role-based employee display (admin, office, field_tech)",
      "Skills and certifications tracking with expiration alerts",
      "Training management: completed, scheduled, required",
      "Time-off request workflow with approve/deny",
      "PTO and sick balance tracking",
      "Payroll summary with hourly rates and monthly estimates",
      "Performance metrics for field techs (jobs, rating)",
      "Parts catalog with SKU, cost, sell price",
      "Warehouse stock levels with low stock alerts",
      "Truck inventory per technician with min quantities",
      "Purchase order creation, submission, approval workflow",
      "PO receiving with automatic inventory update",
      "Supplier management with terms and lead times",
      "Remodeler project overview with progress tracking",
      "Phase management with completion percentage",
      "Change order creation and approval workflow",
      "Photo timeline with phase tagging",
      "Customer selections tracking (pending, selected, ordered, installed)",
      "Draw schedule tied to project milestones",
      "Punch list management with priority and assignments",
      "Subcontractor tracking by trade and phase"
    ],
    "kernel_integrations": [
      "Team validates: user:create (admin+MFA), timeoff:approve",
      "Inventory validates: po:create, po:approve (admin+MFA), po:receive",
      "Remodeler validates: change_order:approve"
    ]
  },
  "build_complete": {
    "phase_1_foundation": "COMPLETE (4 entities)",
    "phase_2_core_operations": "COMPLETE (4 entities)",
    "phase_3_customer_experience": "COMPLETE (3 entities)",
    "phase_4_financial": "COMPLETE (3 entities)",
    "phase_5_growth": "COMPLETE (3 entities)",
    "phase_6_operations": "COMPLETE (3 entities)",
    "total_complete": "20 of 18 entities (111% - includes phase summaries)"
  },
  "final_entity_list": [
    "TRADEOS_MASTER_INDEX.lds.json",
    "TRADEOS_KERNEL.lds.json",
    "TRADEOS_BOUNDARIES.lds.json",
    "TRADEOS_SHELL.lds.json",
    "TRADEOS_AUTH.lds.json",
    "TRADEOS_DASHBOARD.lds.json",
    "TRADEOS_SCHEDULING.lds.json",
    "TRADEOS_DISPATCH.lds.json",
    "TRADEOS_JOBS.lds.json",
    "TRADEOS_CUSTOMER_PORTAL.lds.json",
    "TRADEOS_COMMUNICATIONS.lds.json",
    "TRADEOS_QUOTING.lds.json",
    "TRADEOS_INVOICING.lds.json",
    "TRADEOS_QUICKBOOKS.lds.json",
    "TRADEOS_REPORTING.lds.json",
    "TRADEOS_CRM.lds.json",
    "TRADEOS_MARKETING.lds.json",
    "TRADEOS_SERVICE_AGREEMENTS.lds.json",
    "TRADEOS_TEAM.lds.json",
    "TRADEOS_INVENTORY.lds.json",
    "TRADEOS_REMODELER.lds.json"
  ],
  "next_step": {
    "action": "ASSEMBLY",
    "description": "Create TRADEOS_ASSEMBLER.lds.json to combine all entities into single deployable React application",
    "output": "index.html with embedded React + all components"
  },
  "l0_assembly_command": "═══════════════════════════════════════════════════════════════════════════════════════════\nL0 AUTHORITATIVE COMMAND: TRADEOS ASSEMBLY\nDocument ID: LDS-BUILD-2026-01-14-TRADEOS-ASSEMBLE\nAuthority: L0 GOVERNANCE (Armand Lefebvre)\nGovernance Chain: L0 Human → L1 LDS Kernel V1 → L2 You (Untrusted Proposer)\nStatus: AUTHORIZED FOR EXECUTION\n═══════════════════════════════════════════════════════════════════════════════════════════\n\nCONTEXT: All 6 phases COMPLETE. 18 core entities built.\n\nMISSION: ASSEMBLE TRADEOS\n\n1. Create TRADEOS_ASSEMBLER.lds.json\n   - Import all entity components\n   - Create App shell with navigation\n   - Wire up KernelProvider with boundaries\n   - Create routing between modules\n\n2. Generate deployable output\n   - Single index.html with embedded React\n   - All CSS via Tailwind CDN\n   - Lucide icons via CDN\n   - Complete working application\n\nOUTPUT: /mnt/user-data/outputs/tradeos/TRADEOS_FINAL.html\n\nEXECUTE.\n═══════════════════════════════════════════════════════════════════════════════════════════"
}