{
  "_lds": {
    "uuid": "tradeos-phase1-complete-2026-001",
    "type": "phase_summary",
    "version": "1.0.0",
    "created": "2026-01-13T23:00:00Z",
    "parent": "tradeos-master-2026-001",
    "phase": 1,
    "status": "COMPLETE"
  },
  "summary": {
    "phase_name": "FOUNDATION",
    "entities_created": 4,
    "files": [
      "TRADEOS_KERNEL.lds.json - L1 validation engine with CHECK-THEN-ACT pattern",
      "TRADEOS_BOUNDARIES.lds.json - Role-based permissions for admin/office/field_tech/customer",
      "TRADEOS_SHELL.lds.json - Responsive app shell with role-aware navigation",
      "TRADEOS_AUTH.lds.json - Login system with demo quick-login"
    ],
    "key_features_delivered": [
      "Stateless kernel validation (sub-millisecond)",
      "Four invariants enforced (IV01-IV04)",
      "Fail-closed architecture",
      "Role-based navigation",
      "Audit logging with deterministic IDs",
      "Demo mode with instant role switching"
    ]
  },
  "next_chat_instructions": {
    "phase": 2,
    "name": "CORE_OPERATIONS",
    "entities_to_build": [
      "TRADEOS_DASHBOARD.lds.json - KPIs, revenue, jobs today, weather",
      "TRADEOS_SCHEDULING.lds.json - Calendar with drag-drop, map view, Gantt",
      "TRADEOS_DISPATCH.lds.json - Tech status, one-click dispatch, routing",
      "TRADEOS_JOBS.lds.json - Job cards, photos, checklists, signatures"
    ],
    "command_for_next_chat": "Continue building TradeOS Phase 2. Reference /mnt/project/tradeos/TRADEOS_MASTER_INDEX.lds.json and Phase 1 entities. Build the CORE_OPERATIONS tier: Dashboard, Scheduling, Dispatch, and Jobs components. Each as a self-contained .lds.json entity file."
  },
  "assembly_preview": {
    "when": "After all 6 phases complete",
    "how": "Create TRADEOS_ASSEMBLER.lds.json that extracts code from all entities, resolves imports, and produces single index.html with embedded React app",
    "output": "Deployable artifact with full LDS streaming architecture"
  }
}
