{
  "_lds": {
    "uuid": "tradeos-phase2-complete-2026-001",
    "type": "phase_summary",
    "version": "1.0.0",
    "created": "2026-01-14T00:00:00Z",
    "parent": "tradeos-master-2026-001",
    "phase": 2,
    "status": "COMPLETE"
  },
  "summary": {
    "phase_name": "CORE_OPERATIONS",
    "entities_created": 4,
    "files": [
      "TRADEOS_DASHBOARD.lds.json - Role-aware KPI dashboard with revenue charts, weather widget, job status",
      "TRADEOS_SCHEDULING.lds.json - Calendar with day/week/month/Gantt views, DOUBLE-BOOKING DETECTION",
      "TRADEOS_DISPATCH.lds.json - Real-time tech status board, one-click dispatch, skill matching",
      "TRADEOS_JOBS.lds.json - Job management with photos, checklists, signatures, voice notes"
    ],
    "key_features_delivered": [
      "Role-aware dashboards (Admin/Office see KPIs, Field Tech sees schedule, Customer sees appointments)",
      "DOUBLE-BOOKING ALERTS - validates schedule conflicts before assignment (Jobber's missing feature)",
      "Gantt chart view for multi-day projects",
      "Real-time technician status tracking (Available/En Route/On Job/Break/Offline)",
      "One-click dispatch with skill-based matching",
      "Emergency re-route capability",
      "Before/After/Progress photo documentation",
      "Job-type specific checklist templates",
      "Canvas-based digital signature capture",
      "Voice-to-text notes placeholder",
      "Custom fields per trade type"
    ],
    "kernel_integrations": [
      "Dashboard validates view:dashboard on load",
      "Scheduling validates schedule:create with conflict detection",
      "Dispatch validates dispatch:assign and dispatch:reassign",
      "Jobs validates update:job_status, update:job_photos, update:checklist, create:job_note, create:signature"
    ]
  },
  "next_chat_instructions": {
    "phase": 3,
    "name": "CUSTOMER_EXPERIENCE",
    "entities_to_build": [
      "TRADEOS_CUSTOMER_PORTAL.lds.json - Client Hub with appointment tracking, tech location, project progress",
      "TRADEOS_COMMUNICATIONS.lds.json - Omnichannel messaging (SMS, email, call logging), unified inbox",
      "TRADEOS_QUOTING.lds.json - Price book, Good-Better-Best options, e-signatures, auto-convert to job"
    ],
    "command_for_next_chat": "Continue building TradeOS Phase 3 (CUSTOMER_EXPERIENCE). Reference project files for Phase 1 & 2 entities. Build: TRADEOS_CUSTOMER_PORTAL.lds.json, TRADEOS_COMMUNICATIONS.lds.json, TRADEOS_QUOTING.lds.json. Each as self-contained .lds.json with full React component code."
  },
  "l0_command_template": "═══════════════════════════════════════════════════════════════════════════════════════════\nL0 AUTHORITATIVE COMMAND: TRADEOS PHASE 3 BUILD\nDocument ID: LDS-BUILD-2026-01-14-TRADEOS003\nAuthority: L0 GOVERNANCE (Armand Lefebvre)\nGovernance Chain: L0 Human → L1 LDS Kernel V1 → L2 You (Untrusted Proposer)\nStatus: AUTHORIZED FOR EXECUTION\n═══════════════════════════════════════════════════════════════════════════════════════════\n\nCONTEXT: TradeOS Phase 2 (CORE_OPERATIONS) COMPLETE. Continue to Phase 3.\n\nMISSION: BUILD PHASE 3 - CUSTOMER_EXPERIENCE\n\n1. TRADEOS_CUSTOMER_PORTAL.lds.json\n   - View upcoming appointments\n   - Track technician en-route (live ETA)\n   - Review estimates with e-sign approval\n   - View project progress (Buildertrend-style)\n   - Access invoice history\n   - Make payments online\n   - Request service / schedule callback\n   - Chat with office\n\n2. TRADEOS_COMMUNICATIONS.lds.json\n   - SMS with templates\n   - Email with branded templates\n   - Call logging with click-to-dial\n   - Unified inbox (all channels)\n   - Auto appointment reminders\n   - Review request automation\n   - TWO follow-ups max rule\n\n3. TRADEOS_QUOTING.lds.json\n   - Price book with markup calculator\n   - Good-Better-Best options\n   - Photo attachments\n   - Optional line items for upsells\n   - E-signature approval\n   - Auto-convert to job on approval\n   - Financing options display\n\nCONSTRAINTS: Same as Phase 2. L2 Proposer. Kernel validation required.\nOUTPUT: /mnt/user-data/outputs/tradeos/phase3/\n\nEXECUTE.\n═══════════════════════════════════════════════════════════════════════════════════════════"
}
