{
  "_lds": {
    "uuid": "tradeos-jobs-2026-001",
    "type": "ui_component",
    "version": "1.0.0",
    "created": "2026-01-13T23:45:00Z",
    "parent": "tradeos-master-2026-001",
    "phase": 2,
    "sequence": 4
  },
  "core": {
    "name": "TradeOS Job Management",
    "description": "Complete job lifecycle management with photos, checklists, digital signatures, and voice-to-text notes.",
    "principle": "Field techs can update:job_status, update:job_photos, create:signature. Office controls job creation."
  },
  "features": {
    "photo_documentation": "Before/after photos with auto-compression",
    "checklist_templates": "Job-type specific checklists",
    "digital_signatures": "Canvas-based signature capture",
    "voice_notes": "Voice-to-text for field notes",
    "custom_fields": "Trade-specific custom fields"
  },
  "react_component": {
    "filename": "Jobs.tsx",
    "code": "import React, { useState, useCallback, useRef } from 'react';\nimport {\n  Briefcase, Search, Filter, Plus, Clock, MapPin, User,\n  Camera, CheckSquare, FileSignature, Mic, Image, X,\n  ChevronRight, ChevronDown, Phone, MessageSquare,\n  CheckCircle2, AlertCircle, Pause, Play, MoreVertical,\n  Upload, Trash2, Edit, Calendar, DollarSign, FileText\n} from 'lucide-react';\nimport { useKernel } from './LDSKernel';\n\n// Types\ntype JobStatus = 'scheduled' | 'in_progress' | 'paused' | 'completed' | 'cancelled';\n\ninterface ChecklistItem {\n  id: string;\n  label: string;\n  required: boolean;\n  completed: boolean;\n}\n\ninterface JobPhoto {\n  id: string;\n  url: string;\n  type: 'before' | 'after' | 'progress';\n  timestamp: string;\n  caption?: string;\n}\n\ninterface JobNote {\n  id: string;\n  text: string;\n  timestamp: string;\n  author: string;\n  type: 'text' | 'voice';\n}\n\ninterface Job {\n  id: string;\n  jobNumber: string;\n  type: string;\n  status: JobStatus;\n  customer: {\n    name: string;\n    address: string;\n    phone: string;\n    email: string;\n  };\n  technician: {\n    id: string;\n    name: string;\n    avatar: string;\n  };\n  scheduledDate: string;\n  scheduledTime: string;\n  estimatedDuration: string;\n  actualDuration?: string;\n  description: string;\n  checklist: ChecklistItem[];\n  photos: JobPhoto[];\n  notes: JobNote[];\n  signature?: string;\n  customFields: Record<string, string>;\n  quote?: number;\n  invoiced?: number;\n}\n\n// Mock Data\nconst MOCK_JOBS: Job[] = [\n  {\n    id: 'job-1',\n    jobNumber: 'JOB-2026-0142',\n    type: 'HVAC Repair',\n    status: 'completed',\n    customer: {\n      name: 'Johnson Residence',\n      address: '123 Oak St, Philadelphia, PA 19103',\n      phone: '(555) 111-2222',\n      email: 'johnson@email.com'\n    },\n    technician: { id: 'tech-1', name: 'Mike Thompson', avatar: 'MT' },\n    scheduledDate: '2026-01-13',\n    scheduledTime: '8:00 AM',\n    estimatedDuration: '2 hours',\n    actualDuration: '1h 45m',\n    description: 'AC unit not cooling properly. Customer reports warm air coming from vents.',\n    checklist: [\n      { id: 'c1', label: 'Inspect air filter', required: true, completed: true },\n      { id: 'c2', label: 'Check refrigerant levels', required: true, completed: true },\n      { id: 'c3', label: 'Test thermostat', required: true, completed: true },\n      { id: 'c4', label: 'Clean condenser coils', required: false, completed: true },\n      { id: 'c5', label: 'Document findings', required: true, completed: true }\n    ],\n    photos: [\n      { id: 'p1', url: '/placeholder-before.jpg', type: 'before', timestamp: '8:15 AM', caption: 'Dirty air filter' },\n      { id: 'p2', url: '/placeholder-after.jpg', type: 'after', timestamp: '9:30 AM', caption: 'New filter installed' }\n    ],\n    notes: [\n      { id: 'n1', text: 'Replaced air filter and recharged refrigerant. System now cooling properly.', timestamp: '9:40 AM', author: 'Mike Thompson', type: 'text' }\n    ],\n    signature: 'data:image/png;base64,signature_placeholder',\n    customFields: { 'Unit Model': 'Carrier 24ACC636', 'Refrigerant Type': 'R-410A' },\n    quote: 450,\n    invoiced: 425\n  },\n  {\n    id: 'job-2',\n    jobNumber: 'JOB-2026-0143',\n    type: 'Plumbing Install',\n    status: 'completed',\n    customer: {\n      name: 'Smith Commercial',\n      address: '456 Main Ave, Philadelphia, PA 19102',\n      phone: '(555) 222-3333',\n      email: 'smith@company.com'\n    },\n    technician: { id: 'tech-2', name: 'Sarah Chen', avatar: 'SC' },\n    scheduledDate: '2026-01-13',\n    scheduledTime: '9:00 AM',\n    estimatedDuration: '3 hours',\n    actualDuration: '2h 50m',\n    description: 'Install new water heater in break room. 50 gallon electric.',\n    checklist: [\n      { id: 'c1', label: 'Shut off water supply', required: true, completed: true },\n      { id: 'c2', label: 'Drain old unit', required: true, completed: true },\n      { id: 'c3', label: 'Remove old water heater', required: true, completed: true },\n      { id: 'c4', label: 'Install new unit', required: true, completed: true },\n      { id: 'c5', label: 'Test for leaks', required: true, completed: true },\n      { id: 'c6', label: 'Verify temperature', required: true, completed: true }\n    ],\n    photos: [\n      { id: 'p1', url: '/placeholder-before.jpg', type: 'before', timestamp: '9:20 AM' },\n      { id: 'p2', url: '/placeholder-progress.jpg', type: 'progress', timestamp: '10:45 AM' },\n      { id: 'p3', url: '/placeholder-after.jpg', type: 'after', timestamp: '11:50 AM' }\n    ],\n    notes: [],\n    signature: 'data:image/png;base64,signature_placeholder',\n    customFields: { 'Model': 'Rheem PROE50', 'Serial': 'RH2026-45678' },\n    quote: 1850,\n    invoiced: 1850\n  },\n  {\n    id: 'job-3',\n    jobNumber: 'JOB-2026-0144',\n    type: 'Electrical Panel',\n    status: 'in_progress',\n    customer: {\n      name: 'Davis Home',\n      address: '789 Pine Rd, Philadelphia, PA 19104',\n      phone: '(555) 333-4444',\n      email: 'davis@email.com'\n    },\n    technician: { id: 'tech-1', name: 'Mike Thompson', avatar: 'MT' },\n    scheduledDate: '2026-01-13',\n    scheduledTime: '1:00 PM',\n    estimatedDuration: '2.5 hours',\n    description: 'Upgrade electrical panel from 100A to 200A service.',\n    checklist: [\n      { id: 'c1', label: 'Verify permit on file', required: true, completed: true },\n      { id: 'c2', label: 'Shut off main breaker', required: true, completed: true },\n      { id: 'c3', label: 'Remove old panel', required: true, completed: false },\n      { id: 'c4', label: 'Install new 200A panel', required: true, completed: false },\n      { id: 'c5', label: 'Connect circuits', required: true, completed: false },\n      { id: 'c6', label: 'Test all circuits', required: true, completed: false },\n      { id: 'c7', label: 'Final inspection', required: true, completed: false }\n    ],\n    photos: [\n      { id: 'p1', url: '/placeholder-before.jpg', type: 'before', timestamp: '1:15 PM', caption: 'Old 100A panel' }\n    ],\n    notes: [\n      { id: 'n1', text: 'Started work. Old panel in poor condition, documenting for customer.', timestamp: '1:20 PM', author: 'Mike Thompson', type: 'text' }\n    ],\n    customFields: { 'Permit Number': 'ELEC-2026-0089', 'New Panel': 'Square D QO140L200PG' },\n    quote: 2800\n  },\n  {\n    id: 'job-4',\n    jobNumber: 'JOB-2026-0145',\n    type: 'HVAC Maintenance',\n    status: 'scheduled',\n    customer: {\n      name: 'Wilson Property',\n      address: '321 Elm St, Philadelphia, PA 19106',\n      phone: '(555) 444-5555',\n      email: 'wilson@email.com'\n    },\n    technician: { id: 'tech-3', name: 'James Wilson', avatar: 'JW' },\n    scheduledDate: '2026-01-13',\n    scheduledTime: '3:30 PM',\n    estimatedDuration: '1.5 hours',\n    description: 'Annual HVAC maintenance. Service agreement customer.',\n    checklist: [\n      { id: 'c1', label: 'Replace air filter', required: true, completed: false },\n      { id: 'c2', label: 'Clean evaporator coil', required: true, completed: false },\n      { id: 'c3', label: 'Check refrigerant', required: true, completed: false },\n      { id: 'c4', label: 'Inspect ductwork', required: false, completed: false },\n      { id: 'c5', label: 'Test thermostat', required: true, completed: false }\n    ],\n    photos: [],\n    notes: [],\n    customFields: { 'Service Agreement': 'SA-2025-0034', 'Last Service': '2025-07-15' },\n    quote: 199\n  }\n];\n\nconst STATUS_CONFIG: Record<JobStatus, { label: string; color: string; bg: string; icon: React.ReactNode }> = {\n  scheduled: { label: 'Scheduled', color: 'text-slate-700', bg: 'bg-slate-100', icon: <Clock className=\"w-4 h-4\" /> },\n  in_progress: { label: 'In Progress', color: 'text-blue-700', bg: 'bg-blue-100', icon: <Play className=\"w-4 h-4\" /> },\n  paused: { label: 'Paused', color: 'text-amber-700', bg: 'bg-amber-100', icon: <Pause className=\"w-4 h-4\" /> },\n  completed: { label: 'Completed', color: 'text-green-700', bg: 'bg-green-100', icon: <CheckCircle2 className=\"w-4 h-4\" /> },\n  cancelled: { label: 'Cancelled', color: 'text-red-700', bg: 'bg-red-100', icon: <X className=\"w-4 h-4\" /> }\n};\n\nconst CHECKLIST_TEMPLATES: Record<string, ChecklistItem[]> = {\n  'HVAC Repair': [\n    { id: 'c1', label: 'Inspect air filter', required: true, completed: false },\n    { id: 'c2', label: 'Check refrigerant levels', required: true, completed: false },\n    { id: 'c3', label: 'Test thermostat', required: true, completed: false },\n    { id: 'c4', label: 'Inspect electrical connections', required: true, completed: false },\n    { id: 'c5', label: 'Clean condenser coils', required: false, completed: false },\n    { id: 'c6', label: 'Document findings', required: true, completed: false }\n  ],\n  'Plumbing': [\n    { id: 'c1', label: 'Shut off water supply', required: true, completed: false },\n    { id: 'c2', label: 'Verify work area is clear', required: true, completed: false },\n    { id: 'c3', label: 'Complete repair/install', required: true, completed: false },\n    { id: 'c4', label: 'Test for leaks', required: true, completed: false },\n    { id: 'c5', label: 'Restore water supply', required: true, completed: false },\n    { id: 'c6', label: 'Clean work area', required: true, completed: false }\n  ]\n};\n\nexport const Jobs: React.FC = () => {\n  const { validate, role } = useKernel();\n  const [jobs, setJobs] = useState<Job[]>(MOCK_JOBS);\n  const [selectedJob, setSelectedJob] = useState<Job | null>(null);\n  const [searchQuery, setSearchQuery] = useState('');\n  const [filterStatus, setFilterStatus] = useState<JobStatus | 'all'>('all');\n  const [activeTab, setActiveTab] = useState<'details' | 'checklist' | 'photos' | 'notes' | 'signature'>('details');\n  const [isRecording, setIsRecording] = useState(false);\n  const signatureCanvasRef = useRef<HTMLCanvasElement>(null);\n  const [isDrawing, setIsDrawing] = useState(false);\n\n  const handleStatusUpdate = useCallback((jobId: string, newStatus: JobStatus) => {\n    const result = validate('update:job_status', { authenticated: true, gps_enabled: true });\n    \n    if (result.result !== 'ALLOWED') {\n      alert(`Status update denied: ${result.reason}`);\n      return;\n    }\n\n    setJobs(prev => prev.map(j => j.id === jobId ? { ...j, status: newStatus } : j));\n    if (selectedJob?.id === jobId) {\n      setSelectedJob(prev => prev ? { ...prev, status: newStatus } : null);\n    }\n  }, [validate, selectedJob]);\n\n  const handleChecklistToggle = useCallback((jobId: string, itemId: string) => {\n    const result = validate('update:checklist', { authenticated: true, gps_enabled: true });\n    \n    if (result.result !== 'ALLOWED') {\n      alert(`Checklist update denied: ${result.reason}`);\n      return;\n    }\n\n    setJobs(prev => prev.map(j => {\n      if (j.id !== jobId) return j;\n      return {\n        ...j,\n        checklist: j.checklist.map(item =>\n          item.id === itemId ? { ...item, completed: !item.completed } : item\n        )\n      };\n    }));\n    \n    if (selectedJob?.id === jobId) {\n      setSelectedJob(prev => {\n        if (!prev) return null;\n        return {\n          ...prev,\n          checklist: prev.checklist.map(item =>\n            item.id === itemId ? { ...item, completed: !item.completed } : item\n          )\n        };\n      });\n    }\n  }, [validate, selectedJob]);\n\n  const handlePhotoUpload = useCallback((jobId: string, type: 'before' | 'after' | 'progress') => {\n    const result = validate('update:job_photos', { authenticated: true, gps_enabled: true });\n    \n    if (result.result !== 'ALLOWED') {\n      alert(`Photo upload denied: ${result.reason}`);\n      return;\n    }\n\n    // Simulate photo upload\n    const newPhoto: JobPhoto = {\n      id: `p-${Date.now()}`,\n      url: '/placeholder-new.jpg',\n      type,\n      timestamp: new Date().toLocaleTimeString('en-US', { hour: 'numeric', minute: '2-digit' })\n    };\n\n    setJobs(prev => prev.map(j => \n      j.id === jobId ? { ...j, photos: [...j.photos, newPhoto] } : j\n    ));\n    \n    if (selectedJob?.id === jobId) {\n      setSelectedJob(prev => prev ? { ...prev, photos: [...prev.photos, newPhoto] } : null);\n    }\n\n    alert('Photo uploaded successfully!');\n  }, [validate, selectedJob]);\n\n  const handleAddNote = useCallback((jobId: string, text: string, type: 'text' | 'voice') => {\n    const result = validate('create:job_note', { authenticated: true, gps_enabled: true });\n    \n    if (result.result !== 'ALLOWED') {\n      alert(`Note creation denied: ${result.reason}`);\n      return;\n    }\n\n    const newNote: JobNote = {\n      id: `n-${Date.now()}`,\n      text,\n      timestamp: new Date().toLocaleTimeString('en-US', { hour: 'numeric', minute: '2-digit' }),\n      author: 'Current User',\n      type\n    };\n\n    setJobs(prev => prev.map(j => \n      j.id === jobId ? { ...j, notes: [...j.notes, newNote] } : j\n    ));\n    \n    if (selectedJob?.id === jobId) {\n      setSelectedJob(prev => prev ? { ...prev, notes: [...prev.notes, newNote] } : null);\n    }\n  }, [validate, selectedJob]);\n\n  const handleSignatureCapture = useCallback((jobId: string) => {\n    const result = validate('create:signature', { authenticated: true, gps_enabled: true });\n    \n    if (result.result !== 'ALLOWED') {\n      alert(`Signature capture denied: ${result.reason}`);\n      return;\n    }\n\n    const canvas = signatureCanvasRef.current;\n    if (!canvas) return;\n\n    const signature = canvas.toDataURL();\n    \n    setJobs(prev => prev.map(j => \n      j.id === jobId ? { ...j, signature } : j\n    ));\n    \n    if (selectedJob?.id === jobId) {\n      setSelectedJob(prev => prev ? { ...prev, signature } : null);\n    }\n\n    alert('Signature captured!');\n  }, [validate, selectedJob]);\n\n  const startDrawing = (e: React.MouseEvent<HTMLCanvasElement>) => {\n    setIsDrawing(true);\n    const canvas = signatureCanvasRef.current;\n    if (!canvas) return;\n    const ctx = canvas.getContext('2d');\n    if (!ctx) return;\n    const rect = canvas.getBoundingClientRect();\n    ctx.beginPath();\n    ctx.moveTo(e.clientX - rect.left, e.clientY - rect.top);\n  };\n\n  const draw = (e: React.MouseEvent<HTMLCanvasElement>) => {\n    if (!isDrawing) return;\n    const canvas = signatureCanvasRef.current;\n    if (!canvas) return;\n    const ctx = canvas.getContext('2d');\n    if (!ctx) return;\n    const rect = canvas.getBoundingClientRect();\n    ctx.lineTo(e.clientX - rect.left, e.clientY - rect.top);\n    ctx.strokeStyle = '#1e293b';\n    ctx.lineWidth = 2;\n    ctx.lineCap = 'round';\n    ctx.stroke();\n  };\n\n  const clearSignature = () => {\n    const canvas = signatureCanvasRef.current;\n    if (!canvas) return;\n    const ctx = canvas.getContext('2d');\n    if (!ctx) return;\n    ctx.clearRect(0, 0, canvas.width, canvas.height);\n  };\n\n  const filteredJobs = jobs.filter(job => {\n    const matchesStatus = filterStatus === 'all' || job.status === filterStatus;\n    const matchesSearch = \n      job.jobNumber.toLowerCase().includes(searchQuery.toLowerCase()) ||\n      job.customer.name.toLowerCase().includes(searchQuery.toLowerCase()) ||\n      job.type.toLowerCase().includes(searchQuery.toLowerCase());\n    return matchesStatus && matchesSearch;\n  });\n\n  const completedChecklist = selectedJob?.checklist.filter(c => c.completed).length || 0;\n  const totalChecklist = selectedJob?.checklist.length || 0;\n\n  return (\n    <div className=\"space-y-4\">\n      {/* Header */}\n      <div className=\"flex flex-col sm:flex-row sm:items-center justify-between gap-4\">\n        <div>\n          <h1 className=\"text-2xl font-bold text-slate-800\">Jobs</h1>\n          <p className=\"text-slate-500\">Manage work orders and job documentation</p>\n        </div>\n        {(role === 'admin' || role === 'office') && (\n          <button className=\"px-4 py-2 bg-orange-500 text-white rounded-lg hover:bg-orange-600 flex items-center gap-2\">\n            <Plus className=\"w-4 h-4\" />\n            New Job\n          </button>\n        )}\n      </div>\n\n      {/* Filters */}\n      <div className=\"bg-white rounded-xl border border-slate-200 p-4\">\n        <div className=\"flex flex-col sm:flex-row gap-4\">\n          <div className=\"flex-1 relative\">\n            <Search className=\"absolute left-3 top-1/2 -translate-y-1/2 w-5 h-5 text-slate-400\" />\n            <input\n              type=\"text\"\n              placeholder=\"Search jobs, customers...\"\n              value={searchQuery}\n              onChange={(e) => setSearchQuery(e.target.value)}\n              className=\"w-full pl-10 pr-4 py-2 border border-slate-200 rounded-lg focus:ring-2 focus:ring-orange-500 focus:border-orange-500 outline-none\"\n            />\n          </div>\n          <div className=\"flex items-center gap-2\">\n            <Filter className=\"w-5 h-5 text-slate-400\" />\n            <select\n              value={filterStatus}\n              onChange={(e) => setFilterStatus(e.target.value as JobStatus | 'all')}\n              className=\"px-3 py-2 border border-slate-200 rounded-lg focus:ring-2 focus:ring-orange-500 focus:border-orange-500 outline-none\"\n            >\n              <option value=\"all\">All Status</option>\n              <option value=\"scheduled\">Scheduled</option>\n              <option value=\"in_progress\">In Progress</option>\n              <option value=\"paused\">Paused</option>\n              <option value=\"completed\">Completed</option>\n              <option value=\"cancelled\">Cancelled</option>\n            </select>\n          </div>\n        </div>\n      </div>\n\n      {/* Status Summary */}\n      <div className=\"grid grid-cols-2 sm:grid-cols-5 gap-3\">\n        {Object.entries(STATUS_CONFIG).map(([status, config]) => {\n          const count = jobs.filter(j => j.status === status).length;\n          return (\n            <button\n              key={status}\n              onClick={() => setFilterStatus(filterStatus === status ? 'all' : status as JobStatus)}\n              className={`p-3 rounded-xl border transition-all ${\n                filterStatus === status\n                  ? 'border-orange-300 bg-orange-50'\n                  : 'border-slate-200 bg-white hover:border-slate-300'\n              }`}\n            >\n              <div className=\"flex items-center gap-2\">\n                <div className={`p-1.5 rounded-lg ${config.bg} ${config.color}`}>\n                  {config.icon}\n                </div>\n                <div className=\"text-left\">\n                  <p className=\"text-xl font-bold text-slate-800\">{count}</p>\n                  <p className=\"text-xs text-slate-500\">{config.label}</p>\n                </div>\n              </div>\n            </button>\n          );\n        })}\n      </div>\n\n      <div className=\"grid grid-cols-1 lg:grid-cols-3 gap-6\">\n        {/* Job List */}\n        <div className=\"lg:col-span-1 space-y-3\">\n          {filteredJobs.map((job) => {\n            const statusConfig = STATUS_CONFIG[job.status];\n            return (\n              <div\n                key={job.id}\n                onClick={() => setSelectedJob(job)}\n                className={`bg-white rounded-xl border p-4 cursor-pointer transition-all hover:border-slate-300 ${\n                  selectedJob?.id === job.id ? 'border-orange-500 ring-2 ring-orange-200' : 'border-slate-200'\n                }`}\n              >\n                <div className=\"flex items-start justify-between mb-2\">\n                  <div>\n                    <p className=\"text-xs text-slate-500\">{job.jobNumber}</p>\n                    <p className=\"font-semibold text-slate-800\">{job.type}</p>\n                  </div>\n                  <span className={`px-2 py-1 rounded-full text-xs font-medium ${statusConfig.bg} ${statusConfig.color}`}>\n                    {statusConfig.label}\n                  </span>\n                </div>\n                <p className=\"text-sm text-slate-600 mb-2\">{job.customer.name}</p>\n                <div className=\"flex items-center gap-4 text-xs text-slate-500\">\n                  <div className=\"flex items-center gap-1\">\n                    <Calendar className=\"w-3 h-3\" />\n                    {job.scheduledTime}\n                  </div>\n                  <div className=\"flex items-center gap-1\">\n                    <User className=\"w-3 h-3\" />\n                    {job.technician.name.split(' ')[0]}\n                  </div>\n                </div>\n              </div>\n            );\n          })}\n        </div>\n\n        {/* Job Detail Panel */}\n        {selectedJob ? (\n          <div className=\"lg:col-span-2 bg-white rounded-xl border border-slate-200 overflow-hidden\">\n            {/* Header */}\n            <div className=\"p-4 border-b border-slate-200 bg-slate-50\">\n              <div className=\"flex items-start justify-between\">\n                <div>\n                  <p className=\"text-sm text-slate-500\">{selectedJob.jobNumber}</p>\n                  <h2 className=\"text-xl font-bold text-slate-800\">{selectedJob.type}</h2>\n                  <p className=\"text-slate-600\">{selectedJob.customer.name}</p>\n                </div>\n                <div className=\"flex items-center gap-2\">\n                  {selectedJob.status === 'scheduled' && (role === 'field_tech' || role === 'admin') && (\n                    <button\n                      onClick={() => handleStatusUpdate(selectedJob.id, 'in_progress')}\n                      className=\"px-4 py-2 bg-blue-500 text-white rounded-lg hover:bg-blue-600 flex items-center gap-2\"\n                    >\n                      <Play className=\"w-4 h-4\" />\n                      Start Job\n                    </button>\n                  )}\n                  {selectedJob.status === 'in_progress' && (role === 'field_tech' || role === 'admin') && (\n                    <>\n                      <button\n                        onClick={() => handleStatusUpdate(selectedJob.id, 'paused')}\n                        className=\"px-3 py-2 border border-slate-200 text-slate-700 rounded-lg hover:bg-slate-50\"\n                      >\n                        <Pause className=\"w-4 h-4\" />\n                      </button>\n                      <button\n                        onClick={() => handleStatusUpdate(selectedJob.id, 'completed')}\n                        className=\"px-4 py-2 bg-green-500 text-white rounded-lg hover:bg-green-600 flex items-center gap-2\"\n                      >\n                        <CheckCircle2 className=\"w-4 h-4\" />\n                        Complete\n                      </button>\n                    </>\n                  )}\n                </div>\n              </div>\n            </div>\n\n            {/* Tabs */}\n            <div className=\"border-b border-slate-200\">\n              <div className=\"flex\">\n                {(['details', 'checklist', 'photos', 'notes', 'signature'] as const).map((tab) => (\n                  <button\n                    key={tab}\n                    onClick={() => setActiveTab(tab)}\n                    className={`px-4 py-3 text-sm font-medium capitalize border-b-2 transition-colors ${\n                      activeTab === tab\n                        ? 'border-orange-500 text-orange-600'\n                        : 'border-transparent text-slate-600 hover:text-slate-800'\n                    }`}\n                  >\n                    {tab}\n                    {tab === 'checklist' && (\n                      <span className=\"ml-1 text-xs\">({completedChecklist}/{totalChecklist})</span>\n                    )}\n                    {tab === 'photos' && (\n                      <span className=\"ml-1 text-xs\">({selectedJob.photos.length})</span>\n                    )}\n                  </button>\n                ))}\n              </div>\n            </div>\n\n            {/* Tab Content */}\n            <div className=\"p-4 max-h-96 overflow-y-auto\">\n              {activeTab === 'details' && (\n                <div className=\"space-y-4\">\n                  <div className=\"grid grid-cols-2 gap-4\">\n                    <div>\n                      <p className=\"text-sm text-slate-500\">Address</p>\n                      <p className=\"text-slate-800\">{selectedJob.customer.address}</p>\n                    </div>\n                    <div>\n                      <p className=\"text-sm text-slate-500\">Phone</p>\n                      <p className=\"text-slate-800\">{selectedJob.customer.phone}</p>\n                    </div>\n                    <div>\n                      <p className=\"text-sm text-slate-500\">Scheduled</p>\n                      <p className=\"text-slate-800\">{selectedJob.scheduledDate} at {selectedJob.scheduledTime}</p>\n                    </div>\n                    <div>\n                      <p className=\"text-sm text-slate-500\">Duration</p>\n                      <p className=\"text-slate-800\">{selectedJob.actualDuration || selectedJob.estimatedDuration}</p>\n                    </div>\n                  </div>\n                  <div>\n                    <p className=\"text-sm text-slate-500\">Description</p>\n                    <p className=\"text-slate-800\">{selectedJob.description}</p>\n                  </div>\n                  {Object.keys(selectedJob.customFields).length > 0 && (\n                    <div>\n                      <p className=\"text-sm text-slate-500 mb-2\">Custom Fields</p>\n                      <div className=\"grid grid-cols-2 gap-2\">\n                        {Object.entries(selectedJob.customFields).map(([key, value]) => (\n                          <div key={key} className=\"p-2 bg-slate-50 rounded-lg\">\n                            <p className=\"text-xs text-slate-500\">{key}</p>\n                            <p className=\"text-sm text-slate-800 font-medium\">{value}</p>\n                          </div>\n                        ))}\n                      </div>\n                    </div>\n                  )}\n                </div>\n              )}\n\n              {activeTab === 'checklist' && (\n                <div className=\"space-y-2\">\n                  {selectedJob.checklist.map((item) => (\n                    <div\n                      key={item.id}\n                      onClick={() => handleChecklistToggle(selectedJob.id, item.id)}\n                      className={`flex items-center gap-3 p-3 rounded-lg cursor-pointer transition-colors ${\n                        item.completed ? 'bg-green-50' : 'bg-slate-50 hover:bg-slate-100'\n                      }`}\n                    >\n                      <div className={`w-6 h-6 rounded border-2 flex items-center justify-center ${\n                        item.completed\n                          ? 'bg-green-500 border-green-500 text-white'\n                          : 'border-slate-300'\n                      }`}>\n                        {item.completed && <CheckCircle2 className=\"w-4 h-4\" />}\n                      </div>\n                      <span className={`flex-1 ${\n                        item.completed ? 'text-slate-500 line-through' : 'text-slate-800'\n                      }`}>\n                        {item.label}\n                      </span>\n                      {item.required && (\n                        <span className=\"text-xs text-red-500\">Required</span>\n                      )}\n                    </div>\n                  ))}\n                </div>\n              )}\n\n              {activeTab === 'photos' && (\n                <div className=\"space-y-4\">\n                  <div className=\"flex gap-2\">\n                    <button\n                      onClick={() => handlePhotoUpload(selectedJob.id, 'before')}\n                      className=\"flex-1 p-3 border-2 border-dashed border-slate-300 rounded-lg hover:border-orange-400 hover:bg-orange-50 transition-colors\"\n                    >\n                      <Camera className=\"w-6 h-6 mx-auto text-slate-400 mb-1\" />\n                      <p className=\"text-sm text-slate-600\">Before Photo</p>\n                    </button>\n                    <button\n                      onClick={() => handlePhotoUpload(selectedJob.id, 'progress')}\n                      className=\"flex-1 p-3 border-2 border-dashed border-slate-300 rounded-lg hover:border-orange-400 hover:bg-orange-50 transition-colors\"\n                    >\n                      <Camera className=\"w-6 h-6 mx-auto text-slate-400 mb-1\" />\n                      <p className=\"text-sm text-slate-600\">Progress Photo</p>\n                    </button>\n                    <button\n                      onClick={() => handlePhotoUpload(selectedJob.id, 'after')}\n                      className=\"flex-1 p-3 border-2 border-dashed border-slate-300 rounded-lg hover:border-orange-400 hover:bg-orange-50 transition-colors\"\n                    >\n                      <Camera className=\"w-6 h-6 mx-auto text-slate-400 mb-1\" />\n                      <p className=\"text-sm text-slate-600\">After Photo</p>\n                    </button>\n                  </div>\n                  <div className=\"grid grid-cols-3 gap-3\">\n                    {selectedJob.photos.map((photo) => (\n                      <div key={photo.id} className=\"relative group\">\n                        <div className=\"aspect-square bg-slate-200 rounded-lg flex items-center justify-center\">\n                          <Image className=\"w-8 h-8 text-slate-400\" />\n                        </div>\n                        <div className=\"absolute top-2 left-2\">\n                          <span className={`px-2 py-0.5 rounded text-xs font-medium ${\n                            photo.type === 'before' ? 'bg-blue-100 text-blue-700' :\n                            photo.type === 'after' ? 'bg-green-100 text-green-700' :\n                            'bg-amber-100 text-amber-700'\n                          }`}>\n                            {photo.type}\n                          </span>\n                        </div>\n                        <p className=\"text-xs text-slate-500 mt-1\">{photo.timestamp}</p>\n                      </div>\n                    ))}\n                  </div>\n                </div>\n              )}\n\n              {activeTab === 'notes' && (\n                <div className=\"space-y-4\">\n                  <div className=\"flex gap-2\">\n                    <input\n                      type=\"text\"\n                      placeholder=\"Add a note...\"\n                      className=\"flex-1 px-3 py-2 border border-slate-200 rounded-lg focus:ring-2 focus:ring-orange-500 focus:border-orange-500 outline-none\"\n                      onKeyDown={(e) => {\n                        if (e.key === 'Enter' && e.currentTarget.value) {\n                          handleAddNote(selectedJob.id, e.currentTarget.value, 'text');\n                          e.currentTarget.value = '';\n                        }\n                      }}\n                    />\n                    <button\n                      onClick={() => setIsRecording(!isRecording)}\n                      className={`p-2 rounded-lg transition-colors ${\n                        isRecording\n                          ? 'bg-red-500 text-white animate-pulse'\n                          : 'bg-slate-100 text-slate-600 hover:bg-slate-200'\n                      }`}\n                      title=\"Voice note (placeholder)\"\n                    >\n                      <Mic className=\"w-5 h-5\" />\n                    </button>\n                  </div>\n                  <div className=\"space-y-2\">\n                    {selectedJob.notes.map((note) => (\n                      <div key={note.id} className=\"p-3 bg-slate-50 rounded-lg\">\n                        <div className=\"flex items-center gap-2 mb-1\">\n                          <span className=\"text-sm font-medium text-slate-800\">{note.author}</span>\n                          <span className=\"text-xs text-slate-500\">{note.timestamp}</span>\n                          {note.type === 'voice' && (\n                            <Mic className=\"w-3 h-3 text-slate-400\" />\n                          )}\n                        </div>\n                        <p className=\"text-slate-600\">{note.text}</p>\n                      </div>\n                    ))}\n                  </div>\n                </div>\n              )}\n\n              {activeTab === 'signature' && (\n                <div className=\"space-y-4\">\n                  {selectedJob.signature ? (\n                    <div>\n                      <p className=\"text-sm text-green-600 mb-2 flex items-center gap-1\">\n                        <CheckCircle2 className=\"w-4 h-4\" />\n                        Signature captured\n                      </p>\n                      <div className=\"border border-slate-200 rounded-lg p-4 bg-white\">\n                        <p className=\"text-sm text-slate-500 text-center\">Signature on file</p>\n                      </div>\n                    </div>\n                  ) : (\n                    <div>\n                      <p className=\"text-sm text-slate-500 mb-2\">Customer signature required to complete job</p>\n                      <div className=\"border-2 border-slate-200 rounded-lg overflow-hidden\">\n                        <canvas\n                          ref={signatureCanvasRef}\n                          width={400}\n                          height={200}\n                          className=\"w-full bg-white cursor-crosshair\"\n                          onMouseDown={startDrawing}\n                          onMouseMove={draw}\n                          onMouseUp={() => setIsDrawing(false)}\n                          onMouseLeave={() => setIsDrawing(false)}\n                        />\n                      </div>\n                      <div className=\"flex gap-2 mt-2\">\n                        <button\n                          onClick={clearSignature}\n                          className=\"px-4 py-2 border border-slate-200 text-slate-700 rounded-lg hover:bg-slate-50\"\n                        >\n                          Clear\n                        </button>\n                        <button\n                          onClick={() => handleSignatureCapture(selectedJob.id)}\n                          className=\"px-4 py-2 bg-green-500 text-white rounded-lg hover:bg-green-600 flex items-center gap-2\"\n                        >\n                          <FileSignature className=\"w-4 h-4\" />\n                          Save Signature\n                        </button>\n                      </div>\n                    </div>\n                  )}\n                </div>\n              )}\n            </div>\n          </div>\n        ) : (\n          <div className=\"lg:col-span-2 bg-white rounded-xl border border-slate-200 flex items-center justify-center h-96\">\n            <div className=\"text-center text-slate-500\">\n              <Briefcase className=\"w-12 h-12 mx-auto mb-2 text-slate-300\" />\n              <p>Select a job to view details</p>\n            </div>\n          </div>\n        )}\n      </div>\n    </div>\n  );\n};\n\nexport default Jobs;"
  }
}
