{
  "_lds": {
    "uuid": "tradeos-dashboard-2026-001",
    "type": "ui_component",
    "version": "1.0.0",
    "created": "2026-01-13T23:30:00Z",
    "parent": "tradeos-master-2026-001",
    "phase": 2,
    "sequence": 1
  },
  "core": {
    "name": "TradeOS Dashboard",
    "description": "Role-aware KPI dashboard. Admin/Office see full metrics, Field Tech sees daily schedule, Customer sees their appointments.",
    "principle": "Data visibility controlled by L1 Kernel boundaries - same component, different views per role."
  },
  "mock_data": {
    "kpis": {
      "revenue_today": 12450,
      "revenue_week": 67890,
      "revenue_month": 245670,
      "jobs_today": 8,
      "jobs_completed": 5,
      "jobs_in_progress": 2,
      "jobs_unassigned": 3,
      "outstanding_invoices": 34500,
      "overdue_invoices": 8900,
      "techs_available": 4,
      "techs_on_job": 3,
      "avg_job_value": 1850
    },
    "weather": {
      "temp": 42,
      "condition": "Partly Cloudy",
      "high": 48,
      "low": 35,
      "precipitation": 10
    }
  },
  "react_component": {
    "filename": "Dashboard.tsx",
    "code": "import React, { useEffect, useState } from 'react';\nimport {\n  DollarSign, Briefcase, Clock, AlertTriangle, Users, Cloud,\n  TrendingUp, TrendingDown, CheckCircle2, Timer, MapPin,\n  Calendar, FileText, CreditCard, Sun, CloudRain, Snowflake\n} from 'lucide-react';\nimport { useKernel, Role } from './LDSKernel';\nimport {\n  AreaChart, Area, XAxis, YAxis, CartesianGrid, Tooltip,\n  ResponsiveContainer, BarChart, Bar, PieChart, Pie, Cell\n} from 'recharts';\n\n// Mock data\nconst MOCK_KPIS = {\n  revenue_today: 12450,\n  revenue_week: 67890,\n  revenue_month: 245670,\n  jobs_today: 8,\n  jobs_completed: 5,\n  jobs_in_progress: 2,\n  jobs_unassigned: 3,\n  outstanding_invoices: 34500,\n  overdue_invoices: 8900,\n  techs_available: 4,\n  techs_on_job: 3,\n  avg_job_value: 1850\n};\n\nconst MOCK_WEATHER = {\n  temp: 42,\n  condition: 'Partly Cloudy',\n  high: 48,\n  low: 35,\n  precipitation: 10\n};\n\nconst MOCK_REVENUE_CHART = [\n  { day: 'Mon', revenue: 8500 },\n  { day: 'Tue', revenue: 12300 },\n  { day: 'Wed', revenue: 9800 },\n  { day: 'Thu', revenue: 15600 },\n  { day: 'Fri', revenue: 11200 },\n  { day: 'Sat', revenue: 7400 },\n  { day: 'Sun', revenue: 3100 }\n];\n\nconst MOCK_JOBS_BY_TYPE = [\n  { name: 'HVAC', value: 35, color: '#3b82f6' },\n  { name: 'Plumbing', value: 28, color: '#10b981' },\n  { name: 'Electrical', value: 22, color: '#f59e0b' },\n  { name: 'Roofing', value: 15, color: '#ef4444' }\n];\n\nconst MOCK_TODAY_SCHEDULE = [\n  { id: 1, time: '8:00 AM', customer: 'Johnson Residence', type: 'HVAC Repair', status: 'completed', address: '123 Oak St' },\n  { id: 2, time: '10:30 AM', customer: 'Smith Commercial', type: 'Plumbing Install', status: 'completed', address: '456 Main Ave' },\n  { id: 3, time: '1:00 PM', customer: 'Davis Home', type: 'Electrical Panel', status: 'in_progress', address: '789 Pine Rd' },\n  { id: 4, time: '3:30 PM', customer: 'Wilson Property', type: 'HVAC Maintenance', status: 'scheduled', address: '321 Elm St' },\n  { id: 5, time: '5:00 PM', customer: 'Brown Residence', type: 'Roof Inspection', status: 'scheduled', address: '654 Cedar Ln' }\n];\n\nconst MOCK_CUSTOMER_APPOINTMENTS = [\n  { id: 1, date: 'Today', time: '3:30 PM', type: 'HVAC Maintenance', tech: 'Mike Thompson', status: 'scheduled' },\n  { id: 2, date: 'Thu, Jan 16', time: '10:00 AM', type: 'Follow-up Inspection', tech: 'Sarah Chen', status: 'confirmed' }\n];\n\ninterface KPICardProps {\n  title: string;\n  value: string | number;\n  icon: React.ReactNode;\n  trend?: { value: number; positive: boolean };\n  alert?: boolean;\n  subtitle?: string;\n}\n\nconst KPICard: React.FC<KPICardProps> = ({ title, value, icon, trend, alert, subtitle }) => (\n  <div className={`bg-white rounded-xl p-6 border ${\n    alert ? 'border-amber-300 bg-amber-50' : 'border-slate-200'\n  }`}>\n    <div className=\"flex items-start justify-between\">\n      <div>\n        <p className=\"text-sm text-slate-500 mb-1\">{title}</p>\n        <p className=\"text-2xl font-bold text-slate-800\">{value}</p>\n        {subtitle && <p className=\"text-xs text-slate-400 mt-1\">{subtitle}</p>}\n        {trend && (\n          <div className={`flex items-center gap-1 mt-2 text-sm ${\n            trend.positive ? 'text-green-600' : 'text-red-600'\n          }`}>\n            {trend.positive ? <TrendingUp className=\"w-4 h-4\" /> : <TrendingDown className=\"w-4 h-4\" />}\n            <span>{trend.value}% vs last week</span>\n          </div>\n        )}\n      </div>\n      <div className={`p-3 rounded-lg ${\n        alert ? 'bg-amber-100 text-amber-600' : 'bg-slate-100 text-slate-600'\n      }`}>\n        {icon}\n      </div>\n    </div>\n  </div>\n);\n\nconst WeatherWidget: React.FC = () => {\n  const getWeatherIcon = () => {\n    if (MOCK_WEATHER.condition.includes('Rain')) return <CloudRain className=\"w-8 h-8\" />;\n    if (MOCK_WEATHER.condition.includes('Snow')) return <Snowflake className=\"w-8 h-8\" />;\n    if (MOCK_WEATHER.condition.includes('Cloud')) return <Cloud className=\"w-8 h-8\" />;\n    return <Sun className=\"w-8 h-8\" />;\n  };\n\n  return (\n    <div className=\"bg-gradient-to-br from-blue-500 to-blue-600 rounded-xl p-6 text-white\">\n      <div className=\"flex items-center justify-between\">\n        <div>\n          <p className=\"text-blue-100 text-sm\">Today's Weather</p>\n          <p className=\"text-4xl font-bold mt-1\">{MOCK_WEATHER.temp}°F</p>\n          <p className=\"text-blue-100 mt-1\">{MOCK_WEATHER.condition}</p>\n        </div>\n        <div className=\"text-blue-100\">\n          {getWeatherIcon()}\n        </div>\n      </div>\n      <div className=\"flex gap-4 mt-4 pt-4 border-t border-blue-400\">\n        <div>\n          <p className=\"text-xs text-blue-200\">High</p>\n          <p className=\"font-medium\">{MOCK_WEATHER.high}°</p>\n        </div>\n        <div>\n          <p className=\"text-xs text-blue-200\">Low</p>\n          <p className=\"font-medium\">{MOCK_WEATHER.low}°</p>\n        </div>\n        <div>\n          <p className=\"text-xs text-blue-200\">Precip</p>\n          <p className=\"font-medium\">{MOCK_WEATHER.precipitation}%</p>\n        </div>\n      </div>\n    </div>\n  );\n};\n\n// Admin/Office Dashboard\nconst AdminDashboard: React.FC = () => {\n  const { validate } = useKernel();\n\n  useEffect(() => {\n    validate('view:dashboard', { authenticated: true, mfa_verified: true });\n  }, [validate]);\n\n  return (\n    <div className=\"space-y-6\">\n      <div className=\"flex items-center justify-between\">\n        <div>\n          <h1 className=\"text-2xl font-bold text-slate-800\">Dashboard</h1>\n          <p className=\"text-slate-500\">Monday, January 13, 2026</p>\n        </div>\n      </div>\n\n      {/* KPI Grid */}\n      <div className=\"grid grid-cols-1 md:grid-cols-2 lg:grid-cols-4 gap-4\">\n        <KPICard\n          title=\"Today's Revenue\"\n          value={`$${MOCK_KPIS.revenue_today.toLocaleString()}`}\n          icon={<DollarSign className=\"w-6 h-6\" />}\n          trend={{ value: 12, positive: true }}\n        />\n        <KPICard\n          title=\"Jobs Today\"\n          value={MOCK_KPIS.jobs_today}\n          icon={<Briefcase className=\"w-6 h-6\" />}\n          subtitle={`${MOCK_KPIS.jobs_completed} completed, ${MOCK_KPIS.jobs_in_progress} in progress`}\n        />\n        <KPICard\n          title=\"Unassigned Jobs\"\n          value={MOCK_KPIS.jobs_unassigned}\n          icon={<AlertTriangle className=\"w-6 h-6\" />}\n          alert={MOCK_KPIS.jobs_unassigned > 0}\n        />\n        <KPICard\n          title=\"Tech Availability\"\n          value={`${MOCK_KPIS.techs_available}/${MOCK_KPIS.techs_available + MOCK_KPIS.techs_on_job}`}\n          icon={<Users className=\"w-6 h-6\" />}\n          subtitle={`${MOCK_KPIS.techs_on_job} currently on jobs`}\n        />\n      </div>\n\n      {/* Second Row */}\n      <div className=\"grid grid-cols-1 lg:grid-cols-3 gap-4\">\n        <KPICard\n          title=\"Outstanding Invoices\"\n          value={`$${MOCK_KPIS.outstanding_invoices.toLocaleString()}`}\n          icon={<FileText className=\"w-6 h-6\" />}\n          subtitle={`$${MOCK_KPIS.overdue_invoices.toLocaleString()} overdue`}\n          alert={MOCK_KPIS.overdue_invoices > 5000}\n        />\n        <KPICard\n          title=\"Weekly Revenue\"\n          value={`$${MOCK_KPIS.revenue_week.toLocaleString()}`}\n          icon={<TrendingUp className=\"w-6 h-6\" />}\n          trend={{ value: 8, positive: true }}\n        />\n        <KPICard\n          title=\"Avg Job Value\"\n          value={`$${MOCK_KPIS.avg_job_value.toLocaleString()}`}\n          icon={<CreditCard className=\"w-6 h-6\" />}\n          trend={{ value: 5, positive: true }}\n        />\n      </div>\n\n      {/* Charts Row */}\n      <div className=\"grid grid-cols-1 lg:grid-cols-3 gap-6\">\n        {/* Revenue Chart */}\n        <div className=\"lg:col-span-2 bg-white rounded-xl border border-slate-200 p-6\">\n          <h3 className=\"font-semibold text-slate-800 mb-4\">Weekly Revenue</h3>\n          <ResponsiveContainer width=\"100%\" height={250}>\n            <AreaChart data={MOCK_REVENUE_CHART}>\n              <CartesianGrid strokeDasharray=\"3 3\" stroke=\"#e2e8f0\" />\n              <XAxis dataKey=\"day\" stroke=\"#64748b\" fontSize={12} />\n              <YAxis stroke=\"#64748b\" fontSize={12} tickFormatter={(v) => `$${v/1000}k`} />\n              <Tooltip formatter={(value: number) => [`$${value.toLocaleString()}`, 'Revenue']} />\n              <Area type=\"monotone\" dataKey=\"revenue\" stroke=\"#f97316\" fill=\"#fed7aa\" strokeWidth={2} />\n            </AreaChart>\n          </ResponsiveContainer>\n        </div>\n\n        {/* Weather Widget */}\n        <WeatherWidget />\n      </div>\n\n      {/* Bottom Row */}\n      <div className=\"grid grid-cols-1 lg:grid-cols-2 gap-6\">\n        {/* Jobs by Type */}\n        <div className=\"bg-white rounded-xl border border-slate-200 p-6\">\n          <h3 className=\"font-semibold text-slate-800 mb-4\">Jobs by Type (This Month)</h3>\n          <div className=\"flex items-center\">\n            <ResponsiveContainer width=\"50%\" height={180}>\n              <PieChart>\n                <Pie\n                  data={MOCK_JOBS_BY_TYPE}\n                  cx=\"50%\"\n                  cy=\"50%\"\n                  innerRadius={40}\n                  outerRadius={70}\n                  dataKey=\"value\"\n                >\n                  {MOCK_JOBS_BY_TYPE.map((entry, index) => (\n                    <Cell key={`cell-${index}`} fill={entry.color} />\n                  ))}\n                </Pie>\n              </PieChart>\n            </ResponsiveContainer>\n            <div className=\"space-y-2\">\n              {MOCK_JOBS_BY_TYPE.map((item) => (\n                <div key={item.name} className=\"flex items-center gap-2\">\n                  <div className=\"w-3 h-3 rounded-full\" style={{ backgroundColor: item.color }} />\n                  <span className=\"text-sm text-slate-600\">{item.name}</span>\n                  <span className=\"text-sm font-medium text-slate-800\">{item.value}%</span>\n                </div>\n              ))}\n            </div>\n          </div>\n        </div>\n\n        {/* Today's Schedule */}\n        <div className=\"bg-white rounded-xl border border-slate-200 p-6\">\n          <h3 className=\"font-semibold text-slate-800 mb-4\">Today's Schedule</h3>\n          <div className=\"space-y-3\">\n            {MOCK_TODAY_SCHEDULE.map((job) => (\n              <div key={job.id} className=\"flex items-center gap-3 p-3 bg-slate-50 rounded-lg\">\n                <div className={`w-2 h-2 rounded-full ${\n                  job.status === 'completed' ? 'bg-green-500' :\n                  job.status === 'in_progress' ? 'bg-blue-500' : 'bg-slate-300'\n                }`} />\n                <div className=\"flex-1 min-w-0\">\n                  <p className=\"text-sm font-medium text-slate-800 truncate\">{job.customer}</p>\n                  <p className=\"text-xs text-slate-500\">{job.type}</p>\n                </div>\n                <div className=\"text-right\">\n                  <p className=\"text-sm text-slate-600\">{job.time}</p>\n                  <p className=\"text-xs text-slate-400 capitalize\">{job.status.replace('_', ' ')}</p>\n                </div>\n              </div>\n            ))}\n          </div>\n        </div>\n      </div>\n    </div>\n  );\n};\n\n// Field Tech Dashboard\nconst FieldTechDashboard: React.FC = () => {\n  const { validate } = useKernel();\n  const [clockedIn, setClockedIn] = useState(true);\n\n  const handleClockAction = () => {\n    const action = clockedIn ? 'time:clock_out' : 'time:clock_in';\n    const result = validate(action, { authenticated: true, gps_enabled: true });\n    if (result.result === 'ALLOWED') {\n      setClockedIn(!clockedIn);\n    }\n  };\n\n  return (\n    <div className=\"space-y-6\">\n      <div className=\"flex items-center justify-between\">\n        <div>\n          <h1 className=\"text-2xl font-bold text-slate-800\">My Day</h1>\n          <p className=\"text-slate-500\">Monday, January 13, 2026</p>\n        </div>\n        <button\n          onClick={handleClockAction}\n          className={`px-4 py-2 rounded-lg font-medium flex items-center gap-2 ${\n            clockedIn\n              ? 'bg-red-100 text-red-700 hover:bg-red-200'\n              : 'bg-green-100 text-green-700 hover:bg-green-200'\n          }`}\n        >\n          <Clock className=\"w-4 h-4\" />\n          {clockedIn ? 'Clock Out' : 'Clock In'}\n        </button>\n      </div>\n\n      {/* Status Card */}\n      <div className=\"bg-gradient-to-r from-green-500 to-green-600 rounded-xl p-6 text-white\">\n        <div className=\"flex items-center gap-3\">\n          <CheckCircle2 className=\"w-8 h-8\" />\n          <div>\n            <p className=\"text-green-100\">Current Status</p>\n            <p className=\"text-xl font-bold\">On Job - Davis Home</p>\n          </div>\n        </div>\n        <div className=\"mt-4 flex gap-6\">\n          <div>\n            <p className=\"text-green-100 text-sm\">Started</p>\n            <p className=\"font-medium\">1:00 PM</p>\n          </div>\n          <div>\n            <p className=\"text-green-100 text-sm\">Est. Duration</p>\n            <p className=\"font-medium\">2.5 hours</p>\n          </div>\n          <div>\n            <p className=\"text-green-100 text-sm\">Job Type</p>\n            <p className=\"font-medium\">Electrical Panel</p>\n          </div>\n        </div>\n      </div>\n\n      {/* Today's Jobs */}\n      <div className=\"bg-white rounded-xl border border-slate-200\">\n        <div className=\"p-4 border-b border-slate-100\">\n          <h3 className=\"font-semibold text-slate-800\">Today's Schedule</h3>\n        </div>\n        <div className=\"divide-y divide-slate-100\">\n          {MOCK_TODAY_SCHEDULE.map((job) => (\n            <div key={job.id} className=\"p-4 flex items-center gap-4\">\n              <div className={`w-12 h-12 rounded-lg flex items-center justify-center ${\n                job.status === 'completed' ? 'bg-green-100 text-green-600' :\n                job.status === 'in_progress' ? 'bg-blue-100 text-blue-600' :\n                'bg-slate-100 text-slate-600'\n              }`}>\n                {job.status === 'completed' ? <CheckCircle2 className=\"w-6 h-6\" /> :\n                 job.status === 'in_progress' ? <Timer className=\"w-6 h-6\" /> :\n                 <Clock className=\"w-6 h-6\" />}\n              </div>\n              <div className=\"flex-1\">\n                <p className=\"font-medium text-slate-800\">{job.customer}</p>\n                <p className=\"text-sm text-slate-500\">{job.type}</p>\n                <div className=\"flex items-center gap-1 text-xs text-slate-400 mt-1\">\n                  <MapPin className=\"w-3 h-3\" />\n                  {job.address}\n                </div>\n              </div>\n              <div className=\"text-right\">\n                <p className=\"font-medium text-slate-800\">{job.time}</p>\n                <p className={`text-xs capitalize px-2 py-1 rounded-full ${\n                  job.status === 'completed' ? 'bg-green-100 text-green-700' :\n                  job.status === 'in_progress' ? 'bg-blue-100 text-blue-700' :\n                  'bg-slate-100 text-slate-600'\n                }`}>\n                  {job.status.replace('_', ' ')}\n                </p>\n              </div>\n            </div>\n          ))}\n        </div>\n      </div>\n\n      {/* Weather */}\n      <WeatherWidget />\n    </div>\n  );\n};\n\n// Customer Dashboard\nconst CustomerDashboard: React.FC = () => {\n  const { validate } = useKernel();\n\n  useEffect(() => {\n    validate('view:my_appointments', { authenticated: true });\n  }, [validate]);\n\n  return (\n    <div className=\"space-y-6\">\n      <div>\n        <h1 className=\"text-2xl font-bold text-slate-800\">Welcome Back</h1>\n        <p className=\"text-slate-500\">Here's your service overview</p>\n      </div>\n\n      {/* Next Appointment */}\n      <div className=\"bg-gradient-to-r from-orange-500 to-red-500 rounded-xl p-6 text-white\">\n        <p className=\"text-orange-100 text-sm\">Next Appointment</p>\n        <p className=\"text-2xl font-bold mt-1\">Today at 3:30 PM</p>\n        <p className=\"text-orange-100 mt-2\">HVAC Maintenance with Mike Thompson</p>\n        <button className=\"mt-4 px-4 py-2 bg-white/20 hover:bg-white/30 rounded-lg text-sm font-medium transition-colors\">\n          Track Technician\n        </button>\n      </div>\n\n      {/* Appointments List */}\n      <div className=\"bg-white rounded-xl border border-slate-200\">\n        <div className=\"p-4 border-b border-slate-100\">\n          <h3 className=\"font-semibold text-slate-800\">Your Appointments</h3>\n        </div>\n        <div className=\"divide-y divide-slate-100\">\n          {MOCK_CUSTOMER_APPOINTMENTS.map((apt) => (\n            <div key={apt.id} className=\"p-4 flex items-center gap-4\">\n              <div className=\"w-12 h-12 bg-orange-100 text-orange-600 rounded-lg flex items-center justify-center\">\n                <Calendar className=\"w-6 h-6\" />\n              </div>\n              <div className=\"flex-1\">\n                <p className=\"font-medium text-slate-800\">{apt.type}</p>\n                <p className=\"text-sm text-slate-500\">with {apt.tech}</p>\n              </div>\n              <div className=\"text-right\">\n                <p className=\"font-medium text-slate-800\">{apt.date}</p>\n                <p className=\"text-sm text-slate-500\">{apt.time}</p>\n              </div>\n            </div>\n          ))}\n        </div>\n      </div>\n\n      {/* Quick Actions */}\n      <div className=\"grid grid-cols-2 gap-4\">\n        <button className=\"p-4 bg-white border border-slate-200 rounded-xl hover:border-orange-300 hover:bg-orange-50 transition-all text-left\">\n          <FileText className=\"w-6 h-6 text-slate-600 mb-2\" />\n          <p className=\"font-medium text-slate-800\">View Quotes</p>\n          <p className=\"text-sm text-slate-500\">2 pending approval</p>\n        </button>\n        <button className=\"p-4 bg-white border border-slate-200 rounded-xl hover:border-orange-300 hover:bg-orange-50 transition-all text-left\">\n          <CreditCard className=\"w-6 h-6 text-slate-600 mb-2\" />\n          <p className=\"font-medium text-slate-800\">Pay Invoice</p>\n          <p className=\"text-sm text-slate-500\">$1,250 due</p>\n        </button>\n      </div>\n    </div>\n  );\n};\n\n// Main Dashboard component that renders role-appropriate view\nexport const Dashboard: React.FC = () => {\n  const { role } = useKernel();\n\n  switch (role) {\n    case 'admin':\n    case 'office':\n      return <AdminDashboard />;\n    case 'field_tech':\n      return <FieldTechDashboard />;\n    case 'customer':\n      return <CustomerDashboard />;\n    default:\n      return <AdminDashboard />;\n  }\n};\n\nexport default Dashboard;"
  }
}
