{
  "_lds": {
    "uuid": "tradeos-dispatch-2026-001",
    "type": "ui_component",
    "version": "1.0.0",
    "created": "2026-01-13T23:40:00Z",
    "parent": "tradeos-master-2026-001",
    "phase": 2,
    "sequence": 3
  },
  "core": {
    "name": "TradeOS Dispatch Center",
    "description": "Real-time technician dispatch with status tracking, skill-based matching, and auto-notification.",
    "principle": "All dispatch actions validated by L1 Kernel. Office can dispatch:assign, field_tech can dispatch:accept."
  },
  "features": {
    "real_time_status": "Available, En Route, On Job, Break, Offline",
    "skill_matching": "Match job type to technician certifications",
    "auto_notification": "SMS/push notification on dispatch",
    "eta_tracking": "Live ETA updates for customers"
  },
  "react_component": {
    "filename": "Dispatch.tsx",
    "code": "import React, { useState, useCallback } from 'react';\nimport {\n  Truck, MapPin, Clock, Phone, MessageSquare, Navigation,\n  CheckCircle2, AlertCircle, Coffee, WifiOff, User, Briefcase,\n  ChevronRight, Send, RefreshCw, Filter, Search, Zap\n} from 'lucide-react';\nimport { useKernel } from './LDSKernel';\n\n// Types\ntype TechStatus = 'available' | 'en_route' | 'on_job' | 'break' | 'offline';\n\ninterface Technician {\n  id: string;\n  name: string;\n  avatar: string;\n  color: string;\n  status: TechStatus;\n  skills: string[];\n  phone: string;\n  currentJob?: {\n    id: string;\n    customer: string;\n    address: string;\n    type: string;\n    eta?: string;\n  };\n  location: { lat: number; lng: number };\n  jobsCompleted: number;\n  rating: number;\n}\n\ninterface UnassignedJob {\n  id: string;\n  customer: string;\n  address: string;\n  type: string;\n  priority: 'normal' | 'urgent' | 'emergency';\n  scheduledTime: string;\n  estimatedDuration: string;\n  requiredSkills: string[];\n}\n\n// Mock Data\nconst MOCK_TECHNICIANS: Technician[] = [\n  {\n    id: 'tech-1',\n    name: 'Mike Thompson',\n    avatar: 'MT',\n    color: '#3b82f6',\n    status: 'on_job',\n    skills: ['HVAC', 'Electrical'],\n    phone: '(555) 123-4567',\n    currentJob: {\n      id: 'job-3',\n      customer: 'Davis Home',\n      address: '789 Pine Rd',\n      type: 'Electrical Panel'\n    },\n    location: { lat: 39.9526, lng: -75.1652 },\n    jobsCompleted: 847,\n    rating: 4.9\n  },\n  {\n    id: 'tech-2',\n    name: 'Sarah Chen',\n    avatar: 'SC',\n    color: '#10b981',\n    status: 'available',\n    skills: ['Plumbing', 'HVAC'],\n    phone: '(555) 234-5678',\n    location: { lat: 39.9612, lng: -75.1726 },\n    jobsCompleted: 623,\n    rating: 4.8\n  },\n  {\n    id: 'tech-3',\n    name: 'James Wilson',\n    avatar: 'JW',\n    color: '#f59e0b',\n    status: 'en_route',\n    skills: ['Electrical', 'Roofing'],\n    phone: '(555) 345-6789',\n    currentJob: {\n      id: 'job-4',\n      customer: 'Wilson Property',\n      address: '321 Elm St',\n      type: 'HVAC Maintenance',\n      eta: '12 min'\n    },\n    location: { lat: 39.9489, lng: -75.1580 },\n    jobsCompleted: 512,\n    rating: 4.7\n  },\n  {\n    id: 'tech-4',\n    name: 'Lisa Park',\n    avatar: 'LP',\n    color: '#8b5cf6',\n    status: 'break',\n    skills: ['Plumbing', 'General'],\n    phone: '(555) 456-7890',\n    location: { lat: 39.9550, lng: -75.1690 },\n    jobsCompleted: 389,\n    rating: 4.9\n  },\n  {\n    id: 'tech-5',\n    name: 'David Kim',\n    avatar: 'DK',\n    color: '#ef4444',\n    status: 'offline',\n    skills: ['HVAC', 'Electrical', 'Plumbing'],\n    phone: '(555) 567-8901',\n    location: { lat: 39.9600, lng: -75.1600 },\n    jobsCompleted: 756,\n    rating: 4.8\n  }\n];\n\nconst MOCK_UNASSIGNED_JOBS: UnassignedJob[] = [\n  {\n    id: 'unassigned-1',\n    customer: 'Roberts Residence',\n    address: '456 Walnut St',\n    type: 'HVAC Repair',\n    priority: 'urgent',\n    scheduledTime: '2:00 PM',\n    estimatedDuration: '2 hours',\n    requiredSkills: ['HVAC']\n  },\n  {\n    id: 'unassigned-2',\n    customer: 'Chen Office',\n    address: '789 Market St',\n    type: 'Plumbing Emergency',\n    priority: 'emergency',\n    scheduledTime: 'ASAP',\n    estimatedDuration: '1-3 hours',\n    requiredSkills: ['Plumbing']\n  },\n  {\n    id: 'unassigned-3',\n    customer: 'Taylor Home',\n    address: '123 Spruce Ave',\n    type: 'Electrical Inspection',\n    priority: 'normal',\n    scheduledTime: '4:00 PM',\n    estimatedDuration: '1 hour',\n    requiredSkills: ['Electrical']\n  }\n];\n\nconst STATUS_CONFIG: Record<TechStatus, { label: string; color: string; bg: string; icon: React.ReactNode }> = {\n  available: { label: 'Available', color: 'text-green-700', bg: 'bg-green-100', icon: <CheckCircle2 className=\"w-4 h-4\" /> },\n  en_route: { label: 'En Route', color: 'text-blue-700', bg: 'bg-blue-100', icon: <Navigation className=\"w-4 h-4\" /> },\n  on_job: { label: 'On Job', color: 'text-orange-700', bg: 'bg-orange-100', icon: <Briefcase className=\"w-4 h-4\" /> },\n  break: { label: 'On Break', color: 'text-amber-700', bg: 'bg-amber-100', icon: <Coffee className=\"w-4 h-4\" /> },\n  offline: { label: 'Offline', color: 'text-slate-500', bg: 'bg-slate-100', icon: <WifiOff className=\"w-4 h-4\" /> }\n};\n\nexport const Dispatch: React.FC = () => {\n  const { validate, role } = useKernel();\n  const [technicians, setTechnicians] = useState(MOCK_TECHNICIANS);\n  const [unassignedJobs, setUnassignedJobs] = useState(MOCK_UNASSIGNED_JOBS);\n  const [selectedTech, setSelectedTech] = useState<Technician | null>(null);\n  const [selectedJob, setSelectedJob] = useState<UnassignedJob | null>(null);\n  const [filterStatus, setFilterStatus] = useState<TechStatus | 'all'>('all');\n  const [searchQuery, setSearchQuery] = useState('');\n\n  const handleDispatch = useCallback((techId: string, jobId: string) => {\n    const result = validate('dispatch:assign', { authenticated: true });\n    \n    if (result.result !== 'ALLOWED') {\n      alert(`Dispatch denied: ${result.reason}`);\n      return;\n    }\n\n    const job = unassignedJobs.find(j => j.id === jobId);\n    const tech = technicians.find(t => t.id === techId);\n    \n    if (!job || !tech) return;\n\n    // Check skill match\n    const hasRequiredSkills = job.requiredSkills.every(skill => tech.skills.includes(skill));\n    if (!hasRequiredSkills) {\n      const proceed = window.confirm(\n        `${tech.name} doesn't have all required skills (${job.requiredSkills.join(', ')}). Dispatch anyway?`\n      );\n      if (!proceed) return;\n    }\n\n    // Update tech status\n    setTechnicians(prev => prev.map(t => \n      t.id === techId \n        ? { ...t, status: 'en_route' as TechStatus, currentJob: { id: jobId, customer: job.customer, address: job.address, type: job.type, eta: '15 min' } }\n        : t\n    ));\n\n    // Remove from unassigned\n    setUnassignedJobs(prev => prev.filter(j => j.id !== jobId));\n    \n    setSelectedJob(null);\n    alert(`Dispatched ${tech.name} to ${job.customer}. Notification sent.`);\n  }, [validate, technicians, unassignedJobs]);\n\n  const handleEmergencyReroute = useCallback((techId: string) => {\n    const result = validate('dispatch:reassign', { authenticated: true });\n    \n    if (result.result !== 'ALLOWED') {\n      alert(`Reroute denied: ${result.reason}`);\n      return;\n    }\n\n    alert('Emergency reroute initiated. Current job marked as paused.');\n  }, [validate]);\n\n  const filteredTechs = technicians.filter(tech => {\n    const matchesStatus = filterStatus === 'all' || tech.status === filterStatus;\n    const matchesSearch = tech.name.toLowerCase().includes(searchQuery.toLowerCase()) ||\n                          tech.skills.some(s => s.toLowerCase().includes(searchQuery.toLowerCase()));\n    return matchesStatus && matchesSearch;\n  });\n\n  const availableTechs = technicians.filter(t => t.status === 'available');\n\n  return (\n    <div className=\"space-y-4\">\n      {/* Header */}\n      <div className=\"flex flex-col sm:flex-row sm:items-center justify-between gap-4\">\n        <div>\n          <h1 className=\"text-2xl font-bold text-slate-800\">Dispatch Center</h1>\n          <p className=\"text-slate-500\">Real-time technician tracking and job assignment</p>\n        </div>\n        <div className=\"flex items-center gap-2\">\n          <button className=\"p-2 hover:bg-slate-100 rounded-lg\" title=\"Refresh\">\n            <RefreshCw className=\"w-5 h-5 text-slate-600\" />\n          </button>\n        </div>\n      </div>\n\n      {/* Status Summary */}\n      <div className=\"grid grid-cols-2 sm:grid-cols-5 gap-3\">\n        {Object.entries(STATUS_CONFIG).map(([status, config]) => {\n          const count = technicians.filter(t => t.status === status).length;\n          return (\n            <button\n              key={status}\n              onClick={() => setFilterStatus(filterStatus === status ? 'all' : status as TechStatus)}\n              className={`p-3 rounded-xl border transition-all ${\n                filterStatus === status\n                  ? 'border-orange-300 bg-orange-50'\n                  : 'border-slate-200 bg-white hover:border-slate-300'\n              }`}\n            >\n              <div className=\"flex items-center gap-2\">\n                <div className={`p-1.5 rounded-lg ${config.bg} ${config.color}`}>\n                  {config.icon}\n                </div>\n                <div className=\"text-left\">\n                  <p className=\"text-2xl font-bold text-slate-800\">{count}</p>\n                  <p className=\"text-xs text-slate-500\">{config.label}</p>\n                </div>\n              </div>\n            </button>\n          );\n        })}\n      </div>\n\n      <div className=\"grid grid-cols-1 lg:grid-cols-3 gap-6\">\n        {/* Technician List */}\n        <div className=\"lg:col-span-2 space-y-4\">\n          {/* Search */}\n          <div className=\"bg-white rounded-xl border border-slate-200 p-4\">\n            <div className=\"relative\">\n              <Search className=\"absolute left-3 top-1/2 -translate-y-1/2 w-5 h-5 text-slate-400\" />\n              <input\n                type=\"text\"\n                placeholder=\"Search technicians or skills...\"\n                value={searchQuery}\n                onChange={(e) => setSearchQuery(e.target.value)}\n                className=\"w-full pl-10 pr-4 py-2 border border-slate-200 rounded-lg focus:ring-2 focus:ring-orange-500 focus:border-orange-500 outline-none\"\n              />\n            </div>\n          </div>\n\n          {/* Tech Cards */}\n          <div className=\"space-y-3\">\n            {filteredTechs.map((tech) => {\n              const statusConfig = STATUS_CONFIG[tech.status];\n              return (\n                <div\n                  key={tech.id}\n                  className={`bg-white rounded-xl border border-slate-200 p-4 hover:border-slate-300 transition-all cursor-pointer ${\n                    selectedTech?.id === tech.id ? 'ring-2 ring-orange-500' : ''\n                  }`}\n                  onClick={() => setSelectedTech(tech)}\n                >\n                  <div className=\"flex items-start gap-4\">\n                    {/* Avatar */}\n                    <div className=\"relative\">\n                      <div\n                        className=\"w-14 h-14 rounded-full flex items-center justify-center text-white text-lg font-medium\"\n                        style={{ backgroundColor: tech.color }}\n                      >\n                        {tech.avatar}\n                      </div>\n                      <div className={`absolute -bottom-1 -right-1 w-5 h-5 rounded-full border-2 border-white flex items-center justify-center ${statusConfig.bg} ${statusConfig.color}`}>\n                        {statusConfig.icon}\n                      </div>\n                    </div>\n\n                    {/* Info */}\n                    <div className=\"flex-1 min-w-0\">\n                      <div className=\"flex items-center gap-2\">\n                        <h3 className=\"font-semibold text-slate-800\">{tech.name}</h3>\n                        <span className={`px-2 py-0.5 rounded-full text-xs font-medium ${statusConfig.bg} ${statusConfig.color}`}>\n                          {statusConfig.label}\n                        </span>\n                      </div>\n                      <div className=\"flex flex-wrap gap-1 mt-1\">\n                        {tech.skills.map((skill) => (\n                          <span key={skill} className=\"px-2 py-0.5 bg-slate-100 text-slate-600 rounded text-xs\">\n                            {skill}\n                          </span>\n                        ))}\n                      </div>\n                      \n                      {tech.currentJob && (\n                        <div className=\"mt-3 p-3 bg-slate-50 rounded-lg\">\n                          <div className=\"flex items-center gap-2 text-sm\">\n                            <Briefcase className=\"w-4 h-4 text-slate-500\" />\n                            <span className=\"font-medium text-slate-700\">{tech.currentJob.customer}</span>\n                          </div>\n                          <div className=\"flex items-center gap-2 text-sm text-slate-500 mt-1\">\n                            <MapPin className=\"w-4 h-4\" />\n                            <span>{tech.currentJob.address}</span>\n                          </div>\n                          {tech.currentJob.eta && (\n                            <div className=\"flex items-center gap-2 text-sm text-blue-600 mt-1\">\n                              <Navigation className=\"w-4 h-4\" />\n                              <span>ETA: {tech.currentJob.eta}</span>\n                            </div>\n                          )}\n                        </div>\n                      )}\n                    </div>\n\n                    {/* Actions */}\n                    <div className=\"flex flex-col gap-2\">\n                      <button className=\"p-2 hover:bg-slate-100 rounded-lg\" title=\"Call\">\n                        <Phone className=\"w-4 h-4 text-slate-600\" />\n                      </button>\n                      <button className=\"p-2 hover:bg-slate-100 rounded-lg\" title=\"Message\">\n                        <MessageSquare className=\"w-4 h-4 text-slate-600\" />\n                      </button>\n                    </div>\n                  </div>\n\n                  {/* Stats Row */}\n                  <div className=\"flex items-center gap-6 mt-4 pt-4 border-t border-slate-100\">\n                    <div className=\"text-sm\">\n                      <span className=\"text-slate-500\">Jobs: </span>\n                      <span className=\"font-medium text-slate-700\">{tech.jobsCompleted}</span>\n                    </div>\n                    <div className=\"text-sm\">\n                      <span className=\"text-slate-500\">Rating: </span>\n                      <span className=\"font-medium text-slate-700\">{tech.rating} ★</span>\n                    </div>\n                    {tech.status === 'en_route' && (role === 'admin' || role === 'office') && (\n                      <button\n                        onClick={(e) => { e.stopPropagation(); handleEmergencyReroute(tech.id); }}\n                        className=\"ml-auto px-3 py-1.5 bg-red-100 text-red-700 rounded-lg text-sm font-medium hover:bg-red-200 flex items-center gap-1\"\n                      >\n                        <Zap className=\"w-4 h-4\" />\n                        Emergency Reroute\n                      </button>\n                    )}\n                  </div>\n                </div>\n              );\n            })}\n          </div>\n        </div>\n\n        {/* Unassigned Jobs Panel */}\n        <div className=\"space-y-4\">\n          <div className=\"bg-white rounded-xl border border-slate-200 overflow-hidden\">\n            <div className=\"p-4 border-b border-slate-200 bg-slate-50\">\n              <div className=\"flex items-center justify-between\">\n                <h3 className=\"font-semibold text-slate-800\">Unassigned Jobs</h3>\n                <span className=\"px-2 py-1 bg-amber-100 text-amber-700 rounded-full text-sm font-medium\">\n                  {unassignedJobs.length}\n                </span>\n              </div>\n            </div>\n\n            <div className=\"divide-y divide-slate-100\">\n              {unassignedJobs.map((job) => (\n                <div\n                  key={job.id}\n                  className={`p-4 hover:bg-slate-50 cursor-pointer transition-colors ${\n                    selectedJob?.id === job.id ? 'bg-orange-50' : ''\n                  }`}\n                  onClick={() => setSelectedJob(job)}\n                >\n                  <div className=\"flex items-start justify-between\">\n                    <div>\n                      <div className=\"flex items-center gap-2\">\n                        <span className=\"font-medium text-slate-800\">{job.type}</span>\n                        {job.priority === 'emergency' && (\n                          <span className=\"px-2 py-0.5 bg-red-100 text-red-700 rounded text-xs font-medium animate-pulse\">\n                            EMERGENCY\n                          </span>\n                        )}\n                        {job.priority === 'urgent' && (\n                          <span className=\"px-2 py-0.5 bg-amber-100 text-amber-700 rounded text-xs font-medium\">\n                            Urgent\n                          </span>\n                        )}\n                      </div>\n                      <p className=\"text-sm text-slate-600 mt-1\">{job.customer}</p>\n                      <div className=\"flex items-center gap-1 text-sm text-slate-500 mt-1\">\n                        <MapPin className=\"w-3 h-3\" />\n                        {job.address}\n                      </div>\n                    </div>\n                    <ChevronRight className=\"w-5 h-5 text-slate-400\" />\n                  </div>\n\n                  <div className=\"flex items-center gap-4 mt-3 text-sm text-slate-500\">\n                    <div className=\"flex items-center gap-1\">\n                      <Clock className=\"w-4 h-4\" />\n                      {job.scheduledTime}\n                    </div>\n                    <div>{job.estimatedDuration}</div>\n                  </div>\n\n                  {/* Quick dispatch for available techs */}\n                  {(role === 'admin' || role === 'office') && selectedJob?.id === job.id && availableTechs.length > 0 && (\n                    <div className=\"mt-3 pt-3 border-t border-slate-100\">\n                      <p className=\"text-xs text-slate-500 mb-2\">Quick Dispatch:</p>\n                      <div className=\"flex flex-wrap gap-2\">\n                        {availableTechs\n                          .filter(t => job.requiredSkills.some(s => t.skills.includes(s)))\n                          .map((tech) => (\n                            <button\n                              key={tech.id}\n                              onClick={(e) => { e.stopPropagation(); handleDispatch(tech.id, job.id); }}\n                              className=\"px-3 py-1.5 bg-green-100 text-green-700 rounded-lg text-sm font-medium hover:bg-green-200 flex items-center gap-1\"\n                            >\n                              <Send className=\"w-3 h-3\" />\n                              {tech.name.split(' ')[0]}\n                            </button>\n                          ))}\n                      </div>\n                    </div>\n                  )}\n                </div>\n              ))}\n\n              {unassignedJobs.length === 0 && (\n                <div className=\"p-8 text-center text-slate-500\">\n                  <CheckCircle2 className=\"w-12 h-12 mx-auto mb-2 text-green-500\" />\n                  <p>All jobs assigned!</p>\n                </div>\n              )}\n            </div>\n          </div>\n\n          {/* Map Placeholder */}\n          <div className=\"bg-white rounded-xl border border-slate-200 overflow-hidden\">\n            <div className=\"p-4 border-b border-slate-200\">\n              <h3 className=\"font-semibold text-slate-800\">Live Map</h3>\n            </div>\n            <div className=\"h-64 bg-slate-100 flex items-center justify-center\">\n              <div className=\"text-center text-slate-500\">\n                <MapPin className=\"w-8 h-8 mx-auto mb-2\" />\n                <p className=\"text-sm\">Map integration placeholder</p>\n                <p className=\"text-xs\">Would show real-time tech locations</p>\n              </div>\n            </div>\n            {/* Tech markers legend */}\n            <div className=\"p-3 border-t border-slate-100\">\n              <div className=\"flex flex-wrap gap-2\">\n                {technicians.filter(t => t.status !== 'offline').map((tech) => (\n                  <div\n                    key={tech.id}\n                    className=\"flex items-center gap-1 px-2 py-1 rounded-full text-xs\"\n                    style={{ backgroundColor: `${tech.color}20`, color: tech.color }}\n                  >\n                    <div className=\"w-2 h-2 rounded-full\" style={{ backgroundColor: tech.color }} />\n                    {tech.name.split(' ')[0]}\n                  </div>\n                ))}\n              </div>\n            </div>\n          </div>\n        </div>\n      </div>\n    </div>\n  );\n};\n\nexport default Dispatch;"
  }
}
