{
  "_lds": {
    "uuid": "tradeos-scheduling-2026-001",
    "type": "ui_component",
    "version": "1.0.0",
    "created": "2026-01-13T23:35:00Z",
    "parent": "tradeos-master-2026-001",
    "phase": 2,
    "sequence": 2
  },
  "core": {
    "name": "TradeOS Scheduling",
    "description": "Smart scheduling with drag-drop calendar, map view, double-booking detection, and Gantt chart for multi-day projects.",
    "principle": "DOUBLE-BOOKING ALERTS - the feature Jobber is missing. Validates schedule conflicts before allowing assignment."
  },
  "features": {
    "double_booking_detection": "Kernel validates schedule:create against existing assignments",
    "travel_time_calculation": "Estimates drive time between jobs",
    "recurring_templates": "Create weekly/monthly recurring job templates",
    "gantt_view": "Visualize multi-day projects across timeline"
  },
  "react_component": {
    "filename": "Scheduling.tsx",
    "code": "import React, { useState, useCallback } from 'react';\nimport {\n  Calendar as CalendarIcon, Map, Clock, AlertTriangle, ChevronLeft,\n  ChevronRight, Plus, Filter, List, Grid3X3, GanttChart, MapPin,\n  User, Briefcase, X, Check, Bell\n} from 'lucide-react';\nimport { useKernel } from './LDSKernel';\n\n// Types\ninterface ScheduleEvent {\n  id: string;\n  title: string;\n  customer: string;\n  address: string;\n  techId: string;\n  techName: string;\n  date: string;\n  startTime: string;\n  endTime: string;\n  type: string;\n  status: 'scheduled' | 'in_progress' | 'completed' | 'cancelled';\n  color: string;\n}\n\ninterface Technician {\n  id: string;\n  name: string;\n  avatar: string;\n  color: string;\n  skills: string[];\n}\n\n// Mock Data\nconst MOCK_TECHNICIANS: Technician[] = [\n  { id: 'tech-1', name: 'Mike Thompson', avatar: 'MT', color: '#3b82f6', skills: ['HVAC', 'Electrical'] },\n  { id: 'tech-2', name: 'Sarah Chen', avatar: 'SC', color: '#10b981', skills: ['Plumbing', 'HVAC'] },\n  { id: 'tech-3', name: 'James Wilson', avatar: 'JW', color: '#f59e0b', skills: ['Electrical', 'Roofing'] },\n  { id: 'tech-4', name: 'Lisa Park', avatar: 'LP', color: '#8b5cf6', skills: ['Plumbing', 'General'] }\n];\n\nconst MOCK_EVENTS: ScheduleEvent[] = [\n  { id: 'evt-1', title: 'HVAC Repair', customer: 'Johnson Residence', address: '123 Oak St', techId: 'tech-1', techName: 'Mike Thompson', date: '2026-01-13', startTime: '08:00', endTime: '10:00', type: 'HVAC', status: 'completed', color: '#3b82f6' },\n  { id: 'evt-2', title: 'Plumbing Install', customer: 'Smith Commercial', address: '456 Main Ave', techId: 'tech-2', techName: 'Sarah Chen', date: '2026-01-13', startTime: '09:00', endTime: '12:00', type: 'Plumbing', status: 'completed', color: '#10b981' },\n  { id: 'evt-3', title: 'Electrical Panel', customer: 'Davis Home', address: '789 Pine Rd', techId: 'tech-1', techName: 'Mike Thompson', date: '2026-01-13', startTime: '13:00', endTime: '15:30', type: 'Electrical', status: 'in_progress', color: '#3b82f6' },\n  { id: 'evt-4', title: 'HVAC Maintenance', customer: 'Wilson Property', address: '321 Elm St', techId: 'tech-3', techName: 'James Wilson', date: '2026-01-13', startTime: '14:00', endTime: '16:00', type: 'HVAC', status: 'scheduled', color: '#f59e0b' },\n  { id: 'evt-5', title: 'Roof Inspection', customer: 'Brown Residence', address: '654 Cedar Ln', techId: 'tech-1', techName: 'Mike Thompson', date: '2026-01-13', startTime: '16:00', endTime: '17:30', type: 'Roofing', status: 'scheduled', color: '#3b82f6' },\n  { id: 'evt-6', title: 'Water Heater Replace', customer: 'Garcia Home', address: '987 Maple Dr', techId: 'tech-2', techName: 'Sarah Chen', date: '2026-01-14', startTime: '08:00', endTime: '11:00', type: 'Plumbing', status: 'scheduled', color: '#10b981' },\n  { id: 'evt-7', title: 'AC Install', customer: 'Martinez Office', address: '147 Business Park', techId: 'tech-4', techName: 'Lisa Park', date: '2026-01-14', startTime: '09:00', endTime: '16:00', type: 'HVAC', status: 'scheduled', color: '#8b5cf6' }\n];\n\nconst HOURS = Array.from({ length: 12 }, (_, i) => i + 7); // 7 AM to 6 PM\nconst DAYS = ['Mon', 'Tue', 'Wed', 'Thu', 'Fri', 'Sat'];\nconst DATES = ['Jan 13', 'Jan 14', 'Jan 15', 'Jan 16', 'Jan 17', 'Jan 18'];\n\ntype ViewMode = 'day' | 'week' | 'month' | 'gantt';\n\ninterface ConflictAlert {\n  techId: string;\n  techName: string;\n  events: ScheduleEvent[];\n  message: string;\n}\n\nexport const Scheduling: React.FC = () => {\n  const { validate, role } = useKernel();\n  const [viewMode, setViewMode] = useState<ViewMode>('week');\n  const [selectedDate, setSelectedDate] = useState(new Date('2026-01-13'));\n  const [events, setEvents] = useState<ScheduleEvent[]>(MOCK_EVENTS);\n  const [conflicts, setConflicts] = useState<ConflictAlert[]>([]);\n  const [showConflictModal, setShowConflictModal] = useState(false);\n  const [selectedEvent, setSelectedEvent] = useState<ScheduleEvent | null>(null);\n\n  // Double-booking detection\n  const detectConflicts = useCallback((newEvent: Partial<ScheduleEvent>): ConflictAlert | null => {\n    if (!newEvent.techId || !newEvent.date || !newEvent.startTime || !newEvent.endTime) return null;\n\n    const techEvents = events.filter(\n      e => e.techId === newEvent.techId && e.date === newEvent.date && e.id !== newEvent.id\n    );\n\n    const newStart = parseInt(newEvent.startTime.replace(':', ''));\n    const newEnd = parseInt(newEvent.endTime.replace(':', ''));\n\n    const overlapping = techEvents.filter(e => {\n      const existStart = parseInt(e.startTime.replace(':', ''));\n      const existEnd = parseInt(e.endTime.replace(':', ''));\n      return (newStart < existEnd && newEnd > existStart);\n    });\n\n    if (overlapping.length > 0) {\n      const tech = MOCK_TECHNICIANS.find(t => t.id === newEvent.techId);\n      return {\n        techId: newEvent.techId,\n        techName: tech?.name || 'Unknown',\n        events: overlapping,\n        message: `${tech?.name} already has ${overlapping.length} job(s) during this time`\n      };\n    }\n\n    return null;\n  }, [events]);\n\n  const handleScheduleCreate = useCallback((techId: string, date: string, startTime: string) => {\n    const result = validate('schedule:create', { authenticated: true });\n    \n    if (result.result !== 'ALLOWED') {\n      alert(`Action denied: ${result.reason}`);\n      return;\n    }\n\n    const newEvent: Partial<ScheduleEvent> = {\n      techId,\n      date,\n      startTime,\n      endTime: `${parseInt(startTime.split(':')[0]) + 2}:00`\n    };\n\n    const conflict = detectConflicts(newEvent);\n    if (conflict) {\n      setConflicts([conflict]);\n      setShowConflictModal(true);\n      return;\n    }\n\n    // Would open create modal here\n    alert('Create job modal would open here');\n  }, [validate, detectConflicts]);\n\n  // Calculate event position for calendar\n  const getEventStyle = (event: ScheduleEvent) => {\n    const startHour = parseInt(event.startTime.split(':')[0]);\n    const startMin = parseInt(event.startTime.split(':')[1]) || 0;\n    const endHour = parseInt(event.endTime.split(':')[0]);\n    const endMin = parseInt(event.endTime.split(':')[1]) || 0;\n    \n    const top = ((startHour - 7) * 60 + startMin) * (60 / 60); // 60px per hour\n    const height = ((endHour - startHour) * 60 + (endMin - startMin)) * (60 / 60);\n    \n    return { top: `${top}px`, height: `${Math.max(height, 30)}px` };\n  };\n\n  const getTechColor = (techId: string) => {\n    return MOCK_TECHNICIANS.find(t => t.id === techId)?.color || '#64748b';\n  };\n\n  return (\n    <div className=\"space-y-4\">\n      {/* Header */}\n      <div className=\"flex flex-col sm:flex-row sm:items-center justify-between gap-4\">\n        <div>\n          <h1 className=\"text-2xl font-bold text-slate-800\">Schedule</h1>\n          <p className=\"text-slate-500\">Manage jobs and technician assignments</p>\n        </div>\n        <div className=\"flex items-center gap-2\">\n          {(role === 'admin' || role === 'office') && (\n            <button className=\"px-4 py-2 bg-orange-500 text-white rounded-lg hover:bg-orange-600 flex items-center gap-2\">\n              <Plus className=\"w-4 h-4\" />\n              New Job\n            </button>\n          )}\n        </div>\n      </div>\n\n      {/* Conflict Alert Banner */}\n      {conflicts.length > 0 && (\n        <div className=\"bg-amber-50 border border-amber-200 rounded-lg p-4 flex items-start gap-3\">\n          <AlertTriangle className=\"w-5 h-5 text-amber-600 flex-shrink-0 mt-0.5\" />\n          <div className=\"flex-1\">\n            <p className=\"font-medium text-amber-800\">Double-Booking Detected</p>\n            <p className=\"text-sm text-amber-700 mt-1\">{conflicts[0].message}</p>\n          </div>\n          <button\n            onClick={() => setConflicts([])}\n            className=\"text-amber-600 hover:text-amber-800\"\n          >\n            <X className=\"w-4 h-4\" />\n          </button>\n        </div>\n      )}\n\n      {/* Controls Bar */}\n      <div className=\"bg-white rounded-xl border border-slate-200 p-4\">\n        <div className=\"flex flex-col sm:flex-row sm:items-center justify-between gap-4\">\n          {/* Date Navigation */}\n          <div className=\"flex items-center gap-2\">\n            <button className=\"p-2 hover:bg-slate-100 rounded-lg\">\n              <ChevronLeft className=\"w-5 h-5 text-slate-600\" />\n            </button>\n            <button className=\"px-4 py-2 font-medium text-slate-800 hover:bg-slate-100 rounded-lg\">\n              Week of Jan 13, 2026\n            </button>\n            <button className=\"p-2 hover:bg-slate-100 rounded-lg\">\n              <ChevronRight className=\"w-5 h-5 text-slate-600\" />\n            </button>\n            <button className=\"px-3 py-1.5 text-sm text-orange-600 hover:bg-orange-50 rounded-lg ml-2\">\n              Today\n            </button>\n          </div>\n\n          {/* View Toggle */}\n          <div className=\"flex items-center gap-1 bg-slate-100 p-1 rounded-lg\">\n            <button\n              onClick={() => setViewMode('day')}\n              className={`px-3 py-1.5 text-sm rounded-md transition-colors ${\n                viewMode === 'day' ? 'bg-white shadow text-slate-800' : 'text-slate-600 hover:text-slate-800'\n              }`}\n            >\n              Day\n            </button>\n            <button\n              onClick={() => setViewMode('week')}\n              className={`px-3 py-1.5 text-sm rounded-md transition-colors ${\n                viewMode === 'week' ? 'bg-white shadow text-slate-800' : 'text-slate-600 hover:text-slate-800'\n              }`}\n            >\n              Week\n            </button>\n            <button\n              onClick={() => setViewMode('month')}\n              className={`px-3 py-1.5 text-sm rounded-md transition-colors ${\n                viewMode === 'month' ? 'bg-white shadow text-slate-800' : 'text-slate-600 hover:text-slate-800'\n              }`}\n            >\n              Month\n            </button>\n            <button\n              onClick={() => setViewMode('gantt')}\n              className={`px-3 py-1.5 text-sm rounded-md transition-colors flex items-center gap-1 ${\n                viewMode === 'gantt' ? 'bg-white shadow text-slate-800' : 'text-slate-600 hover:text-slate-800'\n              }`}\n            >\n              <GanttChart className=\"w-4 h-4\" />\n              Gantt\n            </button>\n          </div>\n        </div>\n      </div>\n\n      {/* Calendar Grid - Week View */}\n      {viewMode === 'week' && (\n        <div className=\"bg-white rounded-xl border border-slate-200 overflow-hidden\">\n          {/* Tech Row Headers */}\n          <div className=\"grid grid-cols-7 border-b border-slate-200\">\n            <div className=\"p-3 bg-slate-50 border-r border-slate-200\">\n              <span className=\"text-sm font-medium text-slate-600\">Technicians</span>\n            </div>\n            {DAYS.map((day, i) => (\n              <div key={day} className=\"p-3 bg-slate-50 text-center border-r border-slate-200 last:border-r-0\">\n                <p className=\"text-xs text-slate-500\">{day}</p>\n                <p className=\"text-lg font-semibold text-slate-800\">{DATES[i]}</p>\n              </div>\n            ))}\n          </div>\n\n          {/* Tech Rows */}\n          {MOCK_TECHNICIANS.map((tech) => (\n            <div key={tech.id} className=\"grid grid-cols-7 border-b border-slate-100 last:border-b-0\">\n              {/* Tech Info */}\n              <div className=\"p-3 border-r border-slate-200 bg-slate-50\">\n                <div className=\"flex items-center gap-2\">\n                  <div\n                    className=\"w-8 h-8 rounded-full flex items-center justify-center text-white text-xs font-medium\"\n                    style={{ backgroundColor: tech.color }}\n                  >\n                    {tech.avatar}\n                  </div>\n                  <div>\n                    <p className=\"text-sm font-medium text-slate-800\">{tech.name}</p>\n                    <p className=\"text-xs text-slate-500\">{tech.skills.join(', ')}</p>\n                  </div>\n                </div>\n              </div>\n\n              {/* Day Cells */}\n              {DAYS.map((_, dayIndex) => {\n                const dayDate = `2026-01-${13 + dayIndex}`;\n                const dayEvents = events.filter(e => e.techId === tech.id && e.date === dayDate);\n                \n                return (\n                  <div\n                    key={dayIndex}\n                    className=\"min-h-24 p-1 border-r border-slate-100 last:border-r-0 hover:bg-slate-50 cursor-pointer\"\n                    onClick={() => handleScheduleCreate(tech.id, dayDate, '09:00')}\n                  >\n                    {dayEvents.map((event) => (\n                      <div\n                        key={event.id}\n                        className=\"p-2 rounded-lg mb-1 cursor-pointer hover:opacity-90 transition-opacity\"\n                        style={{ backgroundColor: `${event.color}15`, borderLeft: `3px solid ${event.color}` }}\n                        onClick={(e) => { e.stopPropagation(); setSelectedEvent(event); }}\n                      >\n                        <p className=\"text-xs font-medium text-slate-800 truncate\">{event.title}</p>\n                        <p className=\"text-xs text-slate-500\">{event.startTime} - {event.endTime}</p>\n                        <p className=\"text-xs text-slate-400 truncate\">{event.customer}</p>\n                      </div>\n                    ))}\n                  </div>\n                );\n              })}\n            </div>\n          ))}\n        </div>\n      )}\n\n      {/* Gantt View */}\n      {viewMode === 'gantt' && (\n        <div className=\"bg-white rounded-xl border border-slate-200 overflow-hidden\">\n          <div className=\"p-4 border-b border-slate-200\">\n            <h3 className=\"font-semibold text-slate-800\">Multi-Day Projects</h3>\n            <p className=\"text-sm text-slate-500\">Drag to adjust project timelines</p>\n          </div>\n          \n          {/* Gantt Header */}\n          <div className=\"grid grid-cols-8 border-b border-slate-200 bg-slate-50\">\n            <div className=\"p-3 border-r border-slate-200\">\n              <span className=\"text-sm font-medium text-slate-600\">Project</span>\n            </div>\n            {['Mon 13', 'Tue 14', 'Wed 15', 'Thu 16', 'Fri 17', 'Sat 18', 'Sun 19'].map((day) => (\n              <div key={day} className=\"p-3 text-center text-sm text-slate-600 border-r border-slate-200 last:border-r-0\">\n                {day}\n              </div>\n            ))}\n          </div>\n\n          {/* Sample Multi-day Projects */}\n          <div className=\"divide-y divide-slate-100\">\n            <div className=\"grid grid-cols-8\">\n              <div className=\"p-3 border-r border-slate-200\">\n                <p className=\"text-sm font-medium text-slate-800\">Martinez AC Install</p>\n                <p className=\"text-xs text-slate-500\">Lisa Park</p>\n              </div>\n              <div className=\"col-span-3 p-2 border-r border-slate-200\">\n                <div className=\"h-8 bg-purple-100 border-l-4 border-purple-500 rounded-r-lg flex items-center px-3\">\n                  <span className=\"text-xs text-purple-800 font-medium\">3 days - In Progress</span>\n                </div>\n              </div>\n              <div className=\"col-span-4\"></div>\n            </div>\n            \n            <div className=\"grid grid-cols-8\">\n              <div className=\"p-3 border-r border-slate-200\">\n                <p className=\"text-sm font-medium text-slate-800\">Thompson Remodel</p>\n                <p className=\"text-xs text-slate-500\">Multiple Techs</p>\n              </div>\n              <div className=\"border-r border-slate-200\"></div>\n              <div className=\"col-span-5 p-2 border-r border-slate-200\">\n                <div className=\"h-8 bg-blue-100 border-l-4 border-blue-500 rounded-r-lg flex items-center px-3\">\n                  <span className=\"text-xs text-blue-800 font-medium\">5 days - Scheduled</span>\n                </div>\n              </div>\n              <div></div>\n            </div>\n\n            <div className=\"grid grid-cols-8\">\n              <div className=\"p-3 border-r border-slate-200\">\n                <p className=\"text-sm font-medium text-slate-800\">Office Complex HVAC</p>\n                <p className=\"text-xs text-slate-500\">Mike Thompson</p>\n              </div>\n              <div className=\"col-span-2 border-r border-slate-200\"></div>\n              <div className=\"col-span-4 p-2 border-r border-slate-200\">\n                <div className=\"h-8 bg-green-100 border-l-4 border-green-500 rounded-r-lg flex items-center px-3\">\n                  <span className=\"text-xs text-green-800 font-medium\">4 days - Confirmed</span>\n                </div>\n              </div>\n              <div></div>\n            </div>\n          </div>\n        </div>\n      )}\n\n      {/* Day View */}\n      {viewMode === 'day' && (\n        <div className=\"bg-white rounded-xl border border-slate-200 overflow-hidden\">\n          <div className=\"p-4 border-b border-slate-200\">\n            <h3 className=\"font-semibold text-slate-800\">Monday, January 13, 2026</h3>\n          </div>\n          <div className=\"grid grid-cols-5\">\n            {/* Time Column */}\n            <div className=\"border-r border-slate-200\">\n              {HOURS.map((hour) => (\n                <div key={hour} className=\"h-16 border-b border-slate-100 px-3 py-1\">\n                  <span className=\"text-xs text-slate-400\">{hour > 12 ? hour - 12 : hour}:00 {hour >= 12 ? 'PM' : 'AM'}</span>\n                </div>\n              ))}\n            </div>\n            \n            {/* Tech Columns */}\n            {MOCK_TECHNICIANS.slice(0, 4).map((tech) => (\n              <div key={tech.id} className=\"border-r border-slate-200 last:border-r-0 relative\">\n                <div className=\"sticky top-0 bg-slate-50 p-2 border-b border-slate-200 z-10\">\n                  <div className=\"flex items-center gap-2\">\n                    <div\n                      className=\"w-6 h-6 rounded-full flex items-center justify-center text-white text-xs\"\n                      style={{ backgroundColor: tech.color }}\n                    >\n                      {tech.avatar}\n                    </div>\n                    <span className=\"text-xs font-medium text-slate-700 truncate\">{tech.name}</span>\n                  </div>\n                </div>\n                <div className=\"relative\" style={{ height: `${HOURS.length * 64}px` }}>\n                  {events\n                    .filter(e => e.techId === tech.id && e.date === '2026-01-13')\n                    .map((event) => (\n                      <div\n                        key={event.id}\n                        className=\"absolute left-1 right-1 rounded-lg p-2 cursor-pointer hover:opacity-90\"\n                        style={{\n                          ...getEventStyle(event),\n                          backgroundColor: `${event.color}20`,\n                          borderLeft: `3px solid ${event.color}`\n                        }}\n                        onClick={() => setSelectedEvent(event)}\n                      >\n                        <p className=\"text-xs font-medium text-slate-800 truncate\">{event.title}</p>\n                        <p className=\"text-xs text-slate-500\">{event.customer}</p>\n                      </div>\n                    ))}\n                </div>\n              </div>\n            ))}\n          </div>\n        </div>\n      )}\n\n      {/* Month View */}\n      {viewMode === 'month' && (\n        <div className=\"bg-white rounded-xl border border-slate-200 overflow-hidden\">\n          <div className=\"p-4 border-b border-slate-200\">\n            <h3 className=\"font-semibold text-slate-800\">January 2026</h3>\n          </div>\n          <div className=\"grid grid-cols-7\">\n            {['Sun', 'Mon', 'Tue', 'Wed', 'Thu', 'Fri', 'Sat'].map((day) => (\n              <div key={day} className=\"p-2 text-center text-sm font-medium text-slate-600 bg-slate-50 border-b border-slate-200\">\n                {day}\n              </div>\n            ))}\n            {Array.from({ length: 35 }, (_, i) => {\n              const dayNum = i - 2; // Jan 1 is Wednesday (offset 3)\n              const isCurrentMonth = dayNum >= 1 && dayNum <= 31;\n              const isToday = dayNum === 13;\n              const dayEvents = events.filter(e => e.date === `2026-01-${String(dayNum).padStart(2, '0')}`);\n              \n              return (\n                <div\n                  key={i}\n                  className={`min-h-24 p-2 border-b border-r border-slate-100 ${\n                    !isCurrentMonth ? 'bg-slate-50' : 'hover:bg-slate-50 cursor-pointer'\n                  }`}\n                >\n                  {isCurrentMonth && (\n                    <>\n                      <span className={`text-sm ${\n                        isToday\n                          ? 'w-6 h-6 bg-orange-500 text-white rounded-full flex items-center justify-center'\n                          : 'text-slate-600'\n                      }`}>\n                        {dayNum}\n                      </span>\n                      <div className=\"mt-1 space-y-1\">\n                        {dayEvents.slice(0, 3).map((event) => (\n                          <div\n                            key={event.id}\n                            className=\"text-xs px-1.5 py-0.5 rounded truncate\"\n                            style={{ backgroundColor: `${event.color}20`, color: event.color }}\n                          >\n                            {event.title}\n                          </div>\n                        ))}\n                        {dayEvents.length > 3 && (\n                          <span className=\"text-xs text-slate-400\">+{dayEvents.length - 3} more</span>\n                        )}\n                      </div>\n                    </>\n                  )}\n                </div>\n              );\n            })}\n          </div>\n        </div>\n      )}\n\n      {/* Event Detail Sidebar */}\n      {selectedEvent && (\n        <div className=\"fixed inset-y-0 right-0 w-96 bg-white shadow-xl z-50 overflow-y-auto\">\n          <div className=\"p-4 border-b border-slate-200 flex items-center justify-between\">\n            <h3 className=\"font-semibold text-slate-800\">Job Details</h3>\n            <button\n              onClick={() => setSelectedEvent(null)}\n              className=\"p-2 hover:bg-slate-100 rounded-lg\"\n            >\n              <X className=\"w-5 h-5 text-slate-600\" />\n            </button>\n          </div>\n          <div className=\"p-4 space-y-4\">\n            <div>\n              <p className=\"text-sm text-slate-500\">Job Type</p>\n              <p className=\"font-medium text-slate-800\">{selectedEvent.title}</p>\n            </div>\n            <div>\n              <p className=\"text-sm text-slate-500\">Customer</p>\n              <p className=\"font-medium text-slate-800\">{selectedEvent.customer}</p>\n            </div>\n            <div>\n              <p className=\"text-sm text-slate-500\">Address</p>\n              <p className=\"font-medium text-slate-800\">{selectedEvent.address}</p>\n            </div>\n            <div>\n              <p className=\"text-sm text-slate-500\">Technician</p>\n              <div className=\"flex items-center gap-2 mt-1\">\n                <div\n                  className=\"w-8 h-8 rounded-full flex items-center justify-center text-white text-sm\"\n                  style={{ backgroundColor: getTechColor(selectedEvent.techId) }}\n                >\n                  {selectedEvent.techName.split(' ').map(n => n[0]).join('')}\n                </div>\n                <span className=\"font-medium text-slate-800\">{selectedEvent.techName}</span>\n              </div>\n            </div>\n            <div>\n              <p className=\"text-sm text-slate-500\">Time</p>\n              <p className=\"font-medium text-slate-800\">{selectedEvent.startTime} - {selectedEvent.endTime}</p>\n            </div>\n            <div>\n              <p className=\"text-sm text-slate-500\">Status</p>\n              <span className={`inline-block px-2 py-1 rounded-full text-xs font-medium capitalize ${\n                selectedEvent.status === 'completed' ? 'bg-green-100 text-green-700' :\n                selectedEvent.status === 'in_progress' ? 'bg-blue-100 text-blue-700' :\n                selectedEvent.status === 'scheduled' ? 'bg-slate-100 text-slate-700' :\n                'bg-red-100 text-red-700'\n              }`}>\n                {selectedEvent.status.replace('_', ' ')}\n              </span>\n            </div>\n            \n            {(role === 'admin' || role === 'office') && (\n              <div className=\"pt-4 border-t border-slate-100 space-y-2\">\n                <button className=\"w-full py-2 px-4 bg-orange-500 text-white rounded-lg hover:bg-orange-600\">\n                  Edit Job\n                </button>\n                <button className=\"w-full py-2 px-4 border border-slate-200 text-slate-700 rounded-lg hover:bg-slate-50\">\n                  Reassign Technician\n                </button>\n              </div>\n            )}\n          </div>\n        </div>\n      )}\n\n      {/* Conflict Modal */}\n      {showConflictModal && conflicts.length > 0 && (\n        <div className=\"fixed inset-0 bg-black/50 flex items-center justify-center z-50\">\n          <div className=\"bg-white rounded-xl max-w-md w-full mx-4 overflow-hidden\">\n            <div className=\"p-4 border-b border-slate-200 bg-amber-50\">\n              <div className=\"flex items-center gap-2\">\n                <AlertTriangle className=\"w-5 h-5 text-amber-600\" />\n                <h3 className=\"font-semibold text-amber-800\">Double-Booking Alert</h3>\n              </div>\n            </div>\n            <div className=\"p-4\">\n              <p className=\"text-slate-700 mb-4\">{conflicts[0].message}</p>\n              <div className=\"space-y-2\">\n                {conflicts[0].events.map((event) => (\n                  <div key={event.id} className=\"p-3 bg-slate-50 rounded-lg\">\n                    <p className=\"font-medium text-slate-800\">{event.title}</p>\n                    <p className=\"text-sm text-slate-500\">{event.startTime} - {event.endTime}</p>\n                  </div>\n                ))}\n              </div>\n            </div>\n            <div className=\"p-4 border-t border-slate-100 flex gap-2\">\n              <button\n                onClick={() => setShowConflictModal(false)}\n                className=\"flex-1 py-2 border border-slate-200 text-slate-700 rounded-lg hover:bg-slate-50\"\n              >\n                Cancel\n              </button>\n              <button\n                onClick={() => { setShowConflictModal(false); setConflicts([]); }}\n                className=\"flex-1 py-2 bg-amber-500 text-white rounded-lg hover:bg-amber-600\"\n              >\n                Schedule Anyway\n              </button>\n            </div>\n          </div>\n        </div>\n      )}\n    </div>\n  );\n};\n\nexport default Scheduling;"
  }
}
