{
  "_lds": {
    "uuid": "tradeos-phase4-complete-2026-001",
    "type": "phase_summary",
    "version": "1.0.0",
    "created": "2026-01-14T02:45:00Z",
    "parent": "tradeos-master-2026-001",
    "phase": 4,
    "status": "COMPLETE"
  },
  "summary": {
    "phase_name": "FINANCIAL",
    "entities_created": 3,
    "files": [
      "TRADEOS_INVOICING.lds.json - Invoice creation, line items with tax, payment tracking, PDF generation, batch invoicing",
      "TRADEOS_QUICKBOOKS.lds.json - QBO OAuth connection, chart of accounts mapping, bi-directional sync, conflict resolution",
      "TRADEOS_REPORTING.lds.json - Revenue dashboards, technician scorecards, job profitability, AR aging, conversion funnel"
    ],
    "key_features_delivered": [
      "Invoice creation from completed jobs or standalone",
      "Line item editing with automatic tax calculation",
      "Partial and full payment recording",
      "Payment method tracking (card, check, cash, ACH)",
      "Professional invoice preview with company/customer info",
      "Payment history display on invoices",
      "Batch invoicing for multiple jobs",
      "Invoice status tracking (draft, sent, partial, paid, overdue, void)",
      "Outstanding/overdue AR summary stats",
      "QuickBooks Online OAuth connection flow",
      "Chart of accounts mapping with toggle enable/disable",
      "Bi-directional customer sync",
      "Invoice push to QBO on send",
      "Payment pull from QBO",
      "Sync status tracking (synced, pending, error, conflict)",
      "Conflict resolution UI (keep TradeOS vs QBO data)",
      "Sync history log with retry capability",
      "Auto-reconciliation alerts",
      "Revenue dashboard with daily/weekly/monthly/YTD views",
      "Revenue by service type pie chart",
      "Technician performance scorecards with rankings",
      "Jobs completed, revenue, avg rating, efficiency, callback rate metrics",
      "Job profitability analysis by service type",
      "Margin percentage comparison",
      "AR aging buckets (Current, 1-30, 31-60, 61-90, 90+ days)",
      "Expandable aging detail by customer",
      "Quote to job conversion funnel visualization",
      "Export to CSV and PDF"
    ],
    "kernel_integrations": [
      "Invoicing validates: invoice:create, invoice:send, payment:record",
      "QuickBooks validates: settings:modify (admin with MFA for connection changes)",
      "Reporting validates: report:view"
    ]
  },
  "build_progress": {
    "phase_1_foundation": "COMPLETE (4 entities)",
    "phase_2_core_operations": "COMPLETE (4 entities)",
    "phase_3_customer_experience": "COMPLETE (3 entities)",
    "phase_4_financial": "COMPLETE (3 entities)",
    "phase_5_growth": "PENDING (3 entities)",
    "phase_6_operations": "PENDING (3 entities)",
    "total_complete": "14 of 18 entities (78%)"
  },
  "next_chat_instructions": {
    "phase": 5,
    "name": "GROWTH",
    "entities_to_build": [
      "TRADEOS_CRM.lds.json - Customer pipeline, lead tracking, opportunity stages, win/loss analysis",
      "TRADEOS_MARKETING.lds.json - Campaign management, email marketing, review management, referral tracking",
      "TRADEOS_SERVICE_AGREEMENTS.lds.json - Membership plans, recurring billing, equipment tracking, renewal reminders"
    ],
    "command_for_next_chat": "Continue building TradeOS Phase 5 (GROWTH). Reference project files for Phase 1-4 entities. Build: TRADEOS_CRM.lds.json, TRADEOS_MARKETING.lds.json, TRADEOS_SERVICE_AGREEMENTS.lds.json. Each as self-contained .lds.json with full React component code."
  },
  "l0_command_template": "═══════════════════════════════════════════════════════════════════════════════════════════\nL0 AUTHORITATIVE COMMAND: TRADEOS PHASE 5 BUILD\nDocument ID: LDS-BUILD-2026-01-14-TRADEOS005\nAuthority: L0 GOVERNANCE (Armand Lefebvre)\nGovernance Chain: L0 Human → L1 LDS Kernel V1 → L2 You (Untrusted Proposer)\nStatus: AUTHORIZED FOR EXECUTION\n═══════════════════════════════════════════════════════════════════════════════════════════\n\nCONTEXT: TradeOS Phases 1-4 COMPLETE (14 entities built). Continue to Phase 5.\n\nMISSION: BUILD PHASE 5 - GROWTH\n\n1. TRADEOS_CRM.lds.json\n   - Customer pipeline with Kanban view\n   - Lead sources tracking\n   - Opportunity stages (Lead → Qualified → Quote → Won/Lost)\n   - Win/loss analysis with reasons\n   - Customer lifetime value\n   - Activity timeline per customer\n   - Follow-up reminders\n\n2. TRADEOS_MARKETING.lds.json\n   - Campaign management (email, direct mail, digital)\n   - Email template builder\n   - Review request automation\n   - Review aggregation (Google, Yelp, etc.)\n   - Referral program tracking\n   - ROI tracking by campaign\n   - Seasonal promotion calendar\n\n3. TRADEOS_SERVICE_AGREEMENTS.lds.json\n   - Membership plan builder (tiers, pricing, benefits)\n   - Customer enrollment\n   - Recurring billing schedules\n   - Equipment registry per customer\n   - Maintenance visit scheduling\n   - Renewal reminders (30/60/90 days)\n   - Cancellation handling\n   - Revenue recognition\n\nCONSTRAINTS: Same as previous phases. L2 Proposer. Kernel validation required.\nOUTPUT: /mnt/user-data/outputs/tradeos/phase5/\n\nEXECUTE.\n═══════════════════════════════════════════════════════════════════════════════════════════"
}