{
  "_lds": {
    "uuid": "tradeos-invoicing-2026-001",
    "type": "ui_component",
    "version": "1.0.0",
    "created": "2026-01-14T02:00:00Z",
    "parent": "tradeos-master-2026-001",
    "phase": 4,
    "sequence": 1
  },
  "core": {
    "name": "TradeOS Invoicing",
    "description": "Complete invoicing system with line item editing, tax calculation, payment tracking, and PDF generation.",
    "principle": "Office can invoice:create, invoice:send. Admin can payment:refund. Invoices are immutable records."
  },
  "features": {
    "invoice_creation": "Create from completed jobs or standalone",
    "line_items": "Add, edit, remove line items with tax calculation",
    "payment_tracking": "Record full and partial payments",
    "pdf_generation": "Professional PDF invoice output",
    "batch_invoicing": "Invoice multiple jobs at once",
    "credit_memos": "Issue credits against invoices",
    "payment_reminders": "Automated reminder scheduling"
  },
  "react_component": {
    "filename": "Invoicing.tsx",
    "code": "import React, { useState, useCallback } from 'react';\nimport {\n  Receipt, Search, Plus, DollarSign, Send, Download, Printer,\n  CheckCircle2, Clock, AlertTriangle, X, ChevronRight, ChevronDown,\n  CreditCard, FileText, User, Calendar, Edit, Trash2, Copy,\n  Mail, MoreVertical, Filter, RefreshCw, Check, Minus, ArrowRight\n} from 'lucide-react';\nimport { useKernel } from './LDSKernel';\n\n// Types\ntype InvoiceStatus = 'draft' | 'sent' | 'viewed' | 'partial' | 'paid' | 'overdue' | 'void';\n\ninterface LineItem {\n  id: string;\n  description: string;\n  quantity: number;\n  unitPrice: number;\n  taxable: boolean;\n  total: number;\n}\n\ninterface Payment {\n  id: string;\n  date: string;\n  amount: number;\n  method: 'cash' | 'check' | 'card' | 'ach' | 'other';\n  reference?: string;\n  note?: string;\n}\n\ninterface Invoice {\n  id: string;\n  number: string;\n  customerId: string;\n  customerName: string;\n  customerEmail: string;\n  customerAddress: string;\n  jobId?: string;\n  jobNumber?: string;\n  createdDate: string;\n  dueDate: string;\n  status: InvoiceStatus;\n  lineItems: LineItem[];\n  subtotal: number;\n  taxRate: number;\n  taxAmount: number;\n  total: number;\n  payments: Payment[];\n  amountPaid: number;\n  balance: number;\n  notes?: string;\n  terms?: string;\n  sentDate?: string;\n  paidDate?: string;\n}\n\n// Mock Data\nconst MOCK_INVOICES: Invoice[] = [\n  {\n    id: 'inv-1',\n    number: 'INV-2026-0142',\n    customerId: 'cust-1',\n    customerName: 'Johnson Residence',\n    customerEmail: 'johnson@email.com',\n    customerAddress: '123 Oak St, Philadelphia, PA 19103',\n    jobId: 'job-1',\n    jobNumber: 'JOB-2026-0142',\n    createdDate: '2026-01-13',\n    dueDate: '2026-01-28',\n    status: 'sent',\n    lineItems: [\n      { id: 'li-1', description: 'HVAC Repair - Diagnostic', quantity: 1, unitPrice: 95, taxable: true, total: 95 },\n      { id: 'li-2', description: 'Refrigerant Recharge (R-410A)', quantity: 2, unitPrice: 125, taxable: true, total: 250 },\n      { id: 'li-3', description: 'Air Filter Replacement', quantity: 1, unitPrice: 45, taxable: true, total: 45 }\n    ],\n    subtotal: 390,\n    taxRate: 8,\n    taxAmount: 31.20,\n    total: 421.20,\n    payments: [],\n    amountPaid: 0,\n    balance: 421.20,\n    notes: 'Thank you for your business!',\n    terms: 'Net 15',\n    sentDate: '2026-01-13'\n  },\n  {\n    id: 'inv-2',\n    number: 'INV-2026-0141',\n    customerId: 'cust-2',\n    customerName: 'Smith Commercial',\n    customerEmail: 'smith@company.com',\n    customerAddress: '456 Main Ave, Philadelphia, PA 19102',\n    jobId: 'job-2',\n    jobNumber: 'JOB-2026-0141',\n    createdDate: '2026-01-12',\n    dueDate: '2026-01-27',\n    status: 'partial',\n    lineItems: [\n      { id: 'li-4', description: 'Water Heater 50gal Gas - Rheem', quantity: 1, unitPrice: 1200, taxable: true, total: 1200 },\n      { id: 'li-5', description: 'Installation Labor', quantity: 4, unitPrice: 95, taxable: false, total: 380 },\n      { id: 'li-6', description: 'Old Unit Disposal', quantity: 1, unitPrice: 75, taxable: false, total: 75 }\n    ],\n    subtotal: 1655,\n    taxRate: 8,\n    taxAmount: 96,\n    total: 1751,\n    payments: [\n      { id: 'pay-1', date: '2026-01-12', amount: 500, method: 'card', reference: 'AUTH-4521' }\n    ],\n    amountPaid: 500,\n    balance: 1251,\n    terms: 'Net 15'\n  },\n  {\n    id: 'inv-3',\n    number: 'INV-2026-0140',\n    customerId: 'cust-3',\n    customerName: 'Davis Home',\n    customerEmail: 'davis@email.com',\n    customerAddress: '789 Pine Rd, Philadelphia, PA 19104',\n    createdDate: '2026-01-10',\n    dueDate: '2026-01-25',\n    status: 'paid',\n    lineItems: [\n      { id: 'li-7', description: 'Annual HVAC Maintenance', quantity: 1, unitPrice: 199, taxable: true, total: 199 }\n    ],\n    subtotal: 199,\n    taxRate: 8,\n    taxAmount: 15.92,\n    total: 214.92,\n    payments: [\n      { id: 'pay-2', date: '2026-01-11', amount: 214.92, method: 'card', reference: 'AUTH-4498' }\n    ],\n    amountPaid: 214.92,\n    balance: 0,\n    paidDate: '2026-01-11'\n  },\n  {\n    id: 'inv-4',\n    number: 'INV-2026-0135',\n    customerId: 'cust-4',\n    customerName: 'Wilson Property',\n    customerEmail: 'wilson@email.com',\n    customerAddress: '321 Elm St, Philadelphia, PA 19106',\n    createdDate: '2026-01-02',\n    dueDate: '2026-01-12',\n    status: 'overdue',\n    lineItems: [\n      { id: 'li-8', description: 'Emergency Plumbing - After Hours', quantity: 1, unitPrice: 175, taxable: false, total: 175 },\n      { id: 'li-9', description: 'Pipe Repair Parts', quantity: 1, unitPrice: 85, taxable: true, total: 85 },\n      { id: 'li-10', description: 'Labor', quantity: 2, unitPrice: 95, taxable: false, total: 190 }\n    ],\n    subtotal: 450,\n    taxRate: 8,\n    taxAmount: 6.80,\n    total: 456.80,\n    payments: [],\n    amountPaid: 0,\n    balance: 456.80\n  },\n  {\n    id: 'inv-5',\n    number: 'INV-2026-0143',\n    customerId: 'cust-5',\n    customerName: 'Garcia Home',\n    customerEmail: 'garcia@email.com',\n    customerAddress: '987 Maple Dr, Philadelphia, PA 19107',\n    createdDate: '2026-01-13',\n    dueDate: '2026-01-28',\n    status: 'draft',\n    lineItems: [\n      { id: 'li-11', description: 'Electrical Panel Inspection', quantity: 1, unitPrice: 150, taxable: true, total: 150 }\n    ],\n    subtotal: 150,\n    taxRate: 8,\n    taxAmount: 12,\n    total: 162,\n    payments: [],\n    amountPaid: 0,\n    balance: 162\n  }\n];\n\nconst STATUS_CONFIG: Record<InvoiceStatus, { label: string; color: string; bg: string; icon: React.ReactNode }> = {\n  draft: { label: 'Draft', color: 'text-slate-600', bg: 'bg-slate-100', icon: <FileText className=\"w-4 h-4\" /> },\n  sent: { label: 'Sent', color: 'text-blue-600', bg: 'bg-blue-100', icon: <Send className=\"w-4 h-4\" /> },\n  viewed: { label: 'Viewed', color: 'text-purple-600', bg: 'bg-purple-100', icon: <CheckCircle2 className=\"w-4 h-4\" /> },\n  partial: { label: 'Partial', color: 'text-amber-600', bg: 'bg-amber-100', icon: <Clock className=\"w-4 h-4\" /> },\n  paid: { label: 'Paid', color: 'text-green-600', bg: 'bg-green-100', icon: <CheckCircle2 className=\"w-4 h-4\" /> },\n  overdue: { label: 'Overdue', color: 'text-red-600', bg: 'bg-red-100', icon: <AlertTriangle className=\"w-4 h-4\" /> },\n  void: { label: 'Void', color: 'text-slate-400', bg: 'bg-slate-50', icon: <X className=\"w-4 h-4\" /> }\n};\n\nconst PAYMENT_METHODS = [\n  { value: 'card', label: 'Credit Card' },\n  { value: 'check', label: 'Check' },\n  { value: 'cash', label: 'Cash' },\n  { value: 'ach', label: 'ACH/Bank Transfer' },\n  { value: 'other', label: 'Other' }\n];\n\nexport const Invoicing: React.FC = () => {\n  const { validate, role } = useKernel();\n  const [invoices, setInvoices] = useState<Invoice[]>(MOCK_INVOICES);\n  const [selectedInvoice, setSelectedInvoice] = useState<Invoice | null>(null);\n  const [searchQuery, setSearchQuery] = useState('');\n  const [statusFilter, setStatusFilter] = useState<InvoiceStatus | 'all'>('all');\n  const [showCreateModal, setShowCreateModal] = useState(false);\n  const [showPaymentModal, setShowPaymentModal] = useState(false);\n  const [showBatchModal, setShowBatchModal] = useState(false);\n  const [paymentAmount, setPaymentAmount] = useState('');\n  const [paymentMethod, setPaymentMethod] = useState('card');\n  const [paymentRef, setPaymentRef] = useState('');\n\n  const handleCreateInvoice = useCallback(() => {\n    const result = validate('invoice:create', { authenticated: true });\n    if (result.result !== 'ALLOWED') {\n      alert(`Create invoice denied: ${result.reason}`);\n      return;\n    }\n    setShowCreateModal(true);\n  }, [validate]);\n\n  const handleSendInvoice = useCallback((invoiceId: string) => {\n    const result = validate('invoice:send', { authenticated: true });\n    if (result.result !== 'ALLOWED') {\n      alert(`Send denied: ${result.reason}`);\n      return;\n    }\n    setInvoices(prev => prev.map(inv => \n      inv.id === invoiceId ? { ...inv, status: 'sent', sentDate: new Date().toISOString().split('T')[0] } : inv\n    ));\n    if (selectedInvoice?.id === invoiceId) {\n      setSelectedInvoice(prev => prev ? { ...prev, status: 'sent', sentDate: new Date().toISOString().split('T')[0] } : null);\n    }\n    alert('Invoice sent to customer!');\n  }, [validate, selectedInvoice]);\n\n  const handleRecordPayment = useCallback(() => {\n    if (!selectedInvoice) return;\n    const result = validate('payment:record', { authenticated: true });\n    if (result.result !== 'ALLOWED') {\n      alert(`Record payment denied: ${result.reason}`);\n      return;\n    }\n    \n    const amount = parseFloat(paymentAmount);\n    if (isNaN(amount) || amount <= 0) {\n      alert('Please enter a valid payment amount');\n      return;\n    }\n    \n    const newPayment: Payment = {\n      id: `pay-${Date.now()}`,\n      date: new Date().toISOString().split('T')[0],\n      amount,\n      method: paymentMethod as Payment['method'],\n      reference: paymentRef || undefined\n    };\n    \n    const newAmountPaid = selectedInvoice.amountPaid + amount;\n    const newBalance = selectedInvoice.total - newAmountPaid;\n    const newStatus: InvoiceStatus = newBalance <= 0 ? 'paid' : 'partial';\n    \n    setInvoices(prev => prev.map(inv => \n      inv.id === selectedInvoice.id ? {\n        ...inv,\n        payments: [...inv.payments, newPayment],\n        amountPaid: newAmountPaid,\n        balance: Math.max(0, newBalance),\n        status: newStatus,\n        paidDate: newStatus === 'paid' ? new Date().toISOString().split('T')[0] : undefined\n      } : inv\n    ));\n    \n    setSelectedInvoice(prev => prev ? {\n      ...prev,\n      payments: [...prev.payments, newPayment],\n      amountPaid: newAmountPaid,\n      balance: Math.max(0, newBalance),\n      status: newStatus,\n      paidDate: newStatus === 'paid' ? new Date().toISOString().split('T')[0] : undefined\n    } : null);\n    \n    setShowPaymentModal(false);\n    setPaymentAmount('');\n    setPaymentRef('');\n    alert(`Payment of $${amount.toFixed(2)} recorded!`);\n  }, [validate, selectedInvoice, paymentAmount, paymentMethod, paymentRef]);\n\n  const handleDownloadPDF = useCallback((invoiceId: string) => {\n    alert(`Generating PDF for invoice ${invoiceId}...\\n\\nIn production, this would create a professional PDF invoice.`);\n  }, []);\n\n  const filteredInvoices = invoices.filter(inv => {\n    const matchesStatus = statusFilter === 'all' || inv.status === statusFilter;\n    const matchesSearch = \n      inv.number.toLowerCase().includes(searchQuery.toLowerCase()) ||\n      inv.customerName.toLowerCase().includes(searchQuery.toLowerCase());\n    return matchesStatus && matchesSearch;\n  });\n\n  // Summary stats\n  const stats = {\n    outstanding: invoices.filter(i => ['sent', 'viewed', 'partial', 'overdue'].includes(i.status)).reduce((sum, i) => sum + i.balance, 0),\n    overdue: invoices.filter(i => i.status === 'overdue').reduce((sum, i) => sum + i.balance, 0),\n    paidThisMonth: invoices.filter(i => i.status === 'paid').reduce((sum, i) => sum + i.total, 0),\n    drafts: invoices.filter(i => i.status === 'draft').length\n  };\n\n  return (\n    <div className=\"space-y-4\">\n      {/* Header */}\n      <div className=\"flex flex-col sm:flex-row sm:items-center justify-between gap-4\">\n        <div>\n          <h1 className=\"text-2xl font-bold text-slate-800\">Invoices</h1>\n          <p className=\"text-slate-500\">Manage billing and payments</p>\n        </div>\n        <div className=\"flex items-center gap-2\">\n          {(role === 'admin' || role === 'office') && (\n            <>\n              <button\n                onClick={() => setShowBatchModal(true)}\n                className=\"px-4 py-2 border border-slate-200 text-slate-700 rounded-lg hover:bg-slate-50 flex items-center gap-2\"\n              >\n                <Copy className=\"w-4 h-4\" />\n                Batch Invoice\n              </button>\n              <button\n                onClick={handleCreateInvoice}\n                className=\"px-4 py-2 bg-orange-500 text-white rounded-lg hover:bg-orange-600 flex items-center gap-2\"\n              >\n                <Plus className=\"w-4 h-4\" />\n                New Invoice\n              </button>\n            </>\n          )}\n        </div>\n      </div>\n\n      {/* Stats */}\n      <div className=\"grid grid-cols-2 sm:grid-cols-4 gap-4\">\n        <div className=\"bg-white rounded-xl border border-slate-200 p-4\">\n          <p className=\"text-sm text-slate-500\">Outstanding</p>\n          <p className=\"text-2xl font-bold text-slate-800\">${stats.outstanding.toLocaleString(undefined, { minimumFractionDigits: 2 })}</p>\n        </div>\n        <div className=\"bg-white rounded-xl border border-red-200 p-4\">\n          <p className=\"text-sm text-red-600\">Overdue</p>\n          <p className=\"text-2xl font-bold text-red-600\">${stats.overdue.toLocaleString(undefined, { minimumFractionDigits: 2 })}</p>\n        </div>\n        <div className=\"bg-white rounded-xl border border-green-200 p-4\">\n          <p className=\"text-sm text-green-600\">Paid (MTD)</p>\n          <p className=\"text-2xl font-bold text-green-600\">${stats.paidThisMonth.toLocaleString(undefined, { minimumFractionDigits: 2 })}</p>\n        </div>\n        <div className=\"bg-white rounded-xl border border-slate-200 p-4\">\n          <p className=\"text-sm text-slate-500\">Drafts</p>\n          <p className=\"text-2xl font-bold text-slate-800\">{stats.drafts}</p>\n        </div>\n      </div>\n\n      {/* Filters */}\n      <div className=\"bg-white rounded-xl border border-slate-200 p-4\">\n        <div className=\"flex flex-col sm:flex-row gap-4\">\n          <div className=\"flex-1 relative\">\n            <Search className=\"absolute left-3 top-1/2 -translate-y-1/2 w-5 h-5 text-slate-400\" />\n            <input\n              type=\"text\"\n              placeholder=\"Search invoices...\"\n              value={searchQuery}\n              onChange={(e) => setSearchQuery(e.target.value)}\n              className=\"w-full pl-10 pr-4 py-2 border border-slate-200 rounded-lg focus:ring-2 focus:ring-orange-500 outline-none\"\n            />\n          </div>\n          <div className=\"flex items-center gap-2\">\n            <Filter className=\"w-5 h-5 text-slate-400\" />\n            <select\n              value={statusFilter}\n              onChange={(e) => setStatusFilter(e.target.value as InvoiceStatus | 'all')}\n              className=\"px-4 py-2 border border-slate-200 rounded-lg focus:ring-2 focus:ring-orange-500 outline-none\"\n            >\n              <option value=\"all\">All Status</option>\n              <option value=\"draft\">Draft</option>\n              <option value=\"sent\">Sent</option>\n              <option value=\"partial\">Partial</option>\n              <option value=\"paid\">Paid</option>\n              <option value=\"overdue\">Overdue</option>\n            </select>\n          </div>\n        </div>\n      </div>\n\n      <div className=\"grid grid-cols-1 lg:grid-cols-3 gap-6\">\n        {/* Invoice List */}\n        <div className=\"lg:col-span-1 space-y-3\">\n          {filteredInvoices.map((invoice) => {\n            const statusConfig = STATUS_CONFIG[invoice.status];\n            return (\n              <div\n                key={invoice.id}\n                onClick={() => setSelectedInvoice(invoice)}\n                className={`bg-white rounded-xl border p-4 cursor-pointer transition-all hover:border-slate-300 ${\n                  selectedInvoice?.id === invoice.id ? 'border-orange-500 ring-2 ring-orange-200' : 'border-slate-200'\n                }`}\n              >\n                <div className=\"flex items-start justify-between mb-2\">\n                  <div>\n                    <p className=\"text-xs text-slate-500\">{invoice.number}</p>\n                    <p className=\"font-semibold text-slate-800\">{invoice.customerName}</p>\n                  </div>\n                  <span className={`px-2 py-1 rounded-full text-xs font-medium flex items-center gap-1 ${statusConfig.bg} ${statusConfig.color}`}>\n                    {statusConfig.icon}\n                    {statusConfig.label}\n                  </span>\n                </div>\n                <div className=\"flex items-center justify-between text-sm\">\n                  <span className=\"text-slate-500\">Due: {invoice.dueDate}</span>\n                  <div className=\"text-right\">\n                    <p className=\"font-bold text-slate-800\">${invoice.total.toFixed(2)}</p>\n                    {invoice.balance > 0 && invoice.balance < invoice.total && (\n                      <p className=\"text-xs text-amber-600\">Balance: ${invoice.balance.toFixed(2)}</p>\n                    )}\n                  </div>\n                </div>\n              </div>\n            );\n          })}\n        </div>\n\n        {/* Invoice Detail */}\n        {selectedInvoice ? (\n          <div className=\"lg:col-span-2 bg-white rounded-xl border border-slate-200 overflow-hidden\">\n            {/* Header */}\n            <div className=\"p-4 border-b border-slate-200 bg-slate-50\">\n              <div className=\"flex items-start justify-between\">\n                <div>\n                  <p className=\"text-sm text-slate-500\">{selectedInvoice.number}</p>\n                  <h2 className=\"text-xl font-bold text-slate-800\">{selectedInvoice.customerName}</h2>\n                  {selectedInvoice.jobNumber && (\n                    <p className=\"text-sm text-slate-500\">Job: {selectedInvoice.jobNumber}</p>\n                  )}\n                </div>\n                <div className=\"flex items-center gap-2\">\n                  {selectedInvoice.status === 'draft' && (\n                    <button\n                      onClick={() => handleSendInvoice(selectedInvoice.id)}\n                      className=\"px-4 py-2 bg-blue-500 text-white rounded-lg hover:bg-blue-600 flex items-center gap-2\"\n                    >\n                      <Send className=\"w-4 h-4\" />\n                      Send\n                    </button>\n                  )}\n                  {['sent', 'partial', 'overdue'].includes(selectedInvoice.status) && (\n                    <button\n                      onClick={() => setShowPaymentModal(true)}\n                      className=\"px-4 py-2 bg-green-500 text-white rounded-lg hover:bg-green-600 flex items-center gap-2\"\n                    >\n                      <DollarSign className=\"w-4 h-4\" />\n                      Record Payment\n                    </button>\n                  )}\n                  <button\n                    onClick={() => handleDownloadPDF(selectedInvoice.id)}\n                    className=\"p-2 border border-slate-200 rounded-lg hover:bg-slate-50\"\n                    title=\"Download PDF\"\n                  >\n                    <Download className=\"w-4 h-4 text-slate-600\" />\n                  </button>\n                  <button className=\"p-2 border border-slate-200 rounded-lg hover:bg-slate-50\" title=\"Print\">\n                    <Printer className=\"w-4 h-4 text-slate-600\" />\n                  </button>\n                </div>\n              </div>\n            </div>\n\n            {/* Invoice Preview */}\n            <div className=\"p-6\">\n              {/* Company & Customer Info */}\n              <div className=\"grid grid-cols-2 gap-6 mb-6\">\n                <div>\n                  <p className=\"text-sm text-slate-500 mb-1\">From</p>\n                  <p className=\"font-bold text-slate-800\">Your Company Name</p>\n                  <p className=\"text-sm text-slate-600\">123 Business St</p>\n                  <p className=\"text-sm text-slate-600\">Philadelphia, PA 19101</p>\n                </div>\n                <div>\n                  <p className=\"text-sm text-slate-500 mb-1\">Bill To</p>\n                  <p className=\"font-bold text-slate-800\">{selectedInvoice.customerName}</p>\n                  <p className=\"text-sm text-slate-600\">{selectedInvoice.customerAddress}</p>\n                  <p className=\"text-sm text-slate-600\">{selectedInvoice.customerEmail}</p>\n                </div>\n              </div>\n\n              {/* Dates */}\n              <div className=\"flex gap-6 mb-6 text-sm\">\n                <div>\n                  <span className=\"text-slate-500\">Invoice Date: </span>\n                  <span className=\"text-slate-800\">{selectedInvoice.createdDate}</span>\n                </div>\n                <div>\n                  <span className=\"text-slate-500\">Due Date: </span>\n                  <span className=\"text-slate-800\">{selectedInvoice.dueDate}</span>\n                </div>\n                {selectedInvoice.terms && (\n                  <div>\n                    <span className=\"text-slate-500\">Terms: </span>\n                    <span className=\"text-slate-800\">{selectedInvoice.terms}</span>\n                  </div>\n                )}\n              </div>\n\n              {/* Line Items Table */}\n              <table className=\"w-full mb-6\">\n                <thead>\n                  <tr className=\"border-b-2 border-slate-200\">\n                    <th className=\"text-left py-2 text-sm font-medium text-slate-600\">Description</th>\n                    <th className=\"text-right py-2 text-sm font-medium text-slate-600 w-20\">Qty</th>\n                    <th className=\"text-right py-2 text-sm font-medium text-slate-600 w-24\">Rate</th>\n                    <th className=\"text-right py-2 text-sm font-medium text-slate-600 w-24\">Amount</th>\n                  </tr>\n                </thead>\n                <tbody>\n                  {selectedInvoice.lineItems.map((item) => (\n                    <tr key={item.id} className=\"border-b border-slate-100\">\n                      <td className=\"py-3 text-slate-800\">{item.description}</td>\n                      <td className=\"py-3 text-slate-600 text-right\">{item.quantity}</td>\n                      <td className=\"py-3 text-slate-600 text-right\">${item.unitPrice.toFixed(2)}</td>\n                      <td className=\"py-3 text-slate-800 text-right font-medium\">${item.total.toFixed(2)}</td>\n                    </tr>\n                  ))}\n                </tbody>\n              </table>\n\n              {/* Totals */}\n              <div className=\"flex justify-end\">\n                <div className=\"w-64\">\n                  <div className=\"flex justify-between py-2\">\n                    <span className=\"text-slate-600\">Subtotal</span>\n                    <span className=\"text-slate-800\">${selectedInvoice.subtotal.toFixed(2)}</span>\n                  </div>\n                  <div className=\"flex justify-between py-2\">\n                    <span className=\"text-slate-600\">Tax ({selectedInvoice.taxRate}%)</span>\n                    <span className=\"text-slate-800\">${selectedInvoice.taxAmount.toFixed(2)}</span>\n                  </div>\n                  <div className=\"flex justify-between py-2 border-t-2 border-slate-200\">\n                    <span className=\"font-bold text-slate-800\">Total</span>\n                    <span className=\"font-bold text-slate-800\">${selectedInvoice.total.toFixed(2)}</span>\n                  </div>\n                  {selectedInvoice.amountPaid > 0 && (\n                    <>\n                      <div className=\"flex justify-between py-2 text-green-600\">\n                        <span>Amount Paid</span>\n                        <span>-${selectedInvoice.amountPaid.toFixed(2)}</span>\n                      </div>\n                      <div className=\"flex justify-between py-2 border-t border-slate-200\">\n                        <span className=\"font-bold text-slate-800\">Balance Due</span>\n                        <span className={`font-bold ${selectedInvoice.balance > 0 ? 'text-amber-600' : 'text-green-600'}`}>\n                          ${selectedInvoice.balance.toFixed(2)}\n                        </span>\n                      </div>\n                    </>\n                  )}\n                </div>\n              </div>\n\n              {/* Payment History */}\n              {selectedInvoice.payments.length > 0 && (\n                <div className=\"mt-6 pt-6 border-t border-slate-200\">\n                  <h3 className=\"font-semibold text-slate-800 mb-3\">Payment History</h3>\n                  <div className=\"space-y-2\">\n                    {selectedInvoice.payments.map((payment) => (\n                      <div key={payment.id} className=\"flex items-center justify-between p-3 bg-green-50 rounded-lg\">\n                        <div className=\"flex items-center gap-3\">\n                          <CheckCircle2 className=\"w-5 h-5 text-green-600\" />\n                          <div>\n                            <p className=\"font-medium text-slate-800\">${payment.amount.toFixed(2)}</p>\n                            <p className=\"text-sm text-slate-500\">\n                              {PAYMENT_METHODS.find(m => m.value === payment.method)?.label} • {payment.date}\n                              {payment.reference && ` • Ref: ${payment.reference}`}\n                            </p>\n                          </div>\n                        </div>\n                      </div>\n                    ))}\n                  </div>\n                </div>\n              )}\n\n              {/* Notes */}\n              {selectedInvoice.notes && (\n                <div className=\"mt-6 pt-6 border-t border-slate-200\">\n                  <p className=\"text-sm text-slate-500 mb-1\">Notes</p>\n                  <p className=\"text-slate-700\">{selectedInvoice.notes}</p>\n                </div>\n              )}\n            </div>\n          </div>\n        ) : (\n          <div className=\"lg:col-span-2 bg-white rounded-xl border border-slate-200 flex items-center justify-center h-96\">\n            <div className=\"text-center text-slate-500\">\n              <Receipt className=\"w-12 h-12 mx-auto mb-2 text-slate-300\" />\n              <p>Select an invoice to view details</p>\n            </div>\n          </div>\n        )}\n      </div>\n\n      {/* Record Payment Modal */}\n      {showPaymentModal && selectedInvoice && (\n        <div className=\"fixed inset-0 bg-black/50 flex items-center justify-center z-50\">\n          <div className=\"bg-white rounded-2xl w-full max-w-md mx-4\">\n            <div className=\"p-4 border-b border-slate-200 flex items-center justify-between\">\n              <h3 className=\"font-semibold text-slate-800\">Record Payment</h3>\n              <button onClick={() => setShowPaymentModal(false)} className=\"p-2 hover:bg-slate-100 rounded-lg\">\n                <X className=\"w-5 h-5 text-slate-600\" />\n              </button>\n            </div>\n            <div className=\"p-4 space-y-4\">\n              <div className=\"text-center p-4 bg-slate-50 rounded-lg\">\n                <p className=\"text-sm text-slate-500\">Balance Due</p>\n                <p className=\"text-3xl font-bold text-slate-800\">${selectedInvoice.balance.toFixed(2)}</p>\n              </div>\n              \n              <div>\n                <label className=\"block text-sm font-medium text-slate-700 mb-1\">Payment Amount</label>\n                <div className=\"relative\">\n                  <DollarSign className=\"absolute left-3 top-1/2 -translate-y-1/2 w-5 h-5 text-slate-400\" />\n                  <input\n                    type=\"number\"\n                    step=\"0.01\"\n                    value={paymentAmount}\n                    onChange={(e) => setPaymentAmount(e.target.value)}\n                    placeholder={selectedInvoice.balance.toFixed(2)}\n                    className=\"w-full pl-10 pr-4 py-2 border border-slate-200 rounded-lg focus:ring-2 focus:ring-orange-500 outline-none\"\n                  />\n                </div>\n                <button\n                  onClick={() => setPaymentAmount(selectedInvoice.balance.toFixed(2))}\n                  className=\"text-sm text-orange-600 hover:text-orange-700 mt-1\"\n                >\n                  Pay full balance\n                </button>\n              </div>\n              \n              <div>\n                <label className=\"block text-sm font-medium text-slate-700 mb-1\">Payment Method</label>\n                <select\n                  value={paymentMethod}\n                  onChange={(e) => setPaymentMethod(e.target.value)}\n                  className=\"w-full px-4 py-2 border border-slate-200 rounded-lg focus:ring-2 focus:ring-orange-500 outline-none\"\n                >\n                  {PAYMENT_METHODS.map((method) => (\n                    <option key={method.value} value={method.value}>{method.label}</option>\n                  ))}\n                </select>\n              </div>\n              \n              <div>\n                <label className=\"block text-sm font-medium text-slate-700 mb-1\">Reference # (optional)</label>\n                <input\n                  type=\"text\"\n                  value={paymentRef}\n                  onChange={(e) => setPaymentRef(e.target.value)}\n                  placeholder=\"Check # or Auth code\"\n                  className=\"w-full px-4 py-2 border border-slate-200 rounded-lg focus:ring-2 focus:ring-orange-500 outline-none\"\n                />\n              </div>\n              \n              <button\n                onClick={handleRecordPayment}\n                className=\"w-full py-3 bg-green-500 text-white rounded-lg hover:bg-green-600 flex items-center justify-center gap-2\"\n              >\n                <CheckCircle2 className=\"w-5 h-5\" />\n                Record Payment\n              </button>\n            </div>\n          </div>\n        </div>\n      )}\n\n      {/* Create Invoice Modal */}\n      {showCreateModal && (\n        <div className=\"fixed inset-0 bg-black/50 flex items-center justify-center z-50\">\n          <div className=\"bg-white rounded-2xl w-full max-w-2xl mx-4 max-h-[90vh] overflow-y-auto\">\n            <div className=\"p-4 border-b border-slate-200 flex items-center justify-between\">\n              <h3 className=\"font-semibold text-slate-800\">Create New Invoice</h3>\n              <button onClick={() => setShowCreateModal(false)} className=\"p-2 hover:bg-slate-100 rounded-lg\">\n                <X className=\"w-5 h-5 text-slate-600\" />\n              </button>\n            </div>\n            <div className=\"p-4 space-y-4\">\n              <div>\n                <label className=\"block text-sm font-medium text-slate-700 mb-1\">Customer</label>\n                <select className=\"w-full px-4 py-2 border border-slate-200 rounded-lg\">\n                  <option>Select customer...</option>\n                  <option>Johnson Residence</option>\n                  <option>Smith Commercial</option>\n                  <option>Davis Home</option>\n                </select>\n              </div>\n              <div className=\"grid grid-cols-2 gap-4\">\n                <div>\n                  <label className=\"block text-sm font-medium text-slate-700 mb-1\">Invoice Date</label>\n                  <input type=\"date\" defaultValue={new Date().toISOString().split('T')[0]} className=\"w-full px-4 py-2 border border-slate-200 rounded-lg\" />\n                </div>\n                <div>\n                  <label className=\"block text-sm font-medium text-slate-700 mb-1\">Due Date</label>\n                  <input type=\"date\" className=\"w-full px-4 py-2 border border-slate-200 rounded-lg\" />\n                </div>\n              </div>\n              <div>\n                <label className=\"block text-sm font-medium text-slate-700 mb-1\">From Job (optional)</label>\n                <select className=\"w-full px-4 py-2 border border-slate-200 rounded-lg\">\n                  <option>No job - standalone invoice</option>\n                  <option>JOB-2026-0144 - HVAC Maintenance</option>\n                  <option>JOB-2026-0145 - Plumbing Repair</option>\n                </select>\n              </div>\n              <div className=\"border-t border-slate-100 pt-4\">\n                <p className=\"text-sm font-medium text-slate-700 mb-2\">Line Items</p>\n                <p className=\"text-sm text-slate-500\">Line item editor would go here...</p>\n              </div>\n              <div className=\"flex gap-3\">\n                <button\n                  onClick={() => setShowCreateModal(false)}\n                  className=\"flex-1 py-2 border border-slate-200 text-slate-700 rounded-lg hover:bg-slate-50\"\n                >\n                  Cancel\n                </button>\n                <button\n                  onClick={() => { setShowCreateModal(false); alert('Invoice created!'); }}\n                  className=\"flex-1 py-2 bg-orange-500 text-white rounded-lg hover:bg-orange-600\"\n                >\n                  Create Invoice\n                </button>\n              </div>\n            </div>\n          </div>\n        </div>\n      )}\n\n      {/* Batch Invoice Modal */}\n      {showBatchModal && (\n        <div className=\"fixed inset-0 bg-black/50 flex items-center justify-center z-50\">\n          <div className=\"bg-white rounded-2xl w-full max-w-lg mx-4\">\n            <div className=\"p-4 border-b border-slate-200 flex items-center justify-between\">\n              <h3 className=\"font-semibold text-slate-800\">Batch Invoicing</h3>\n              <button onClick={() => setShowBatchModal(false)} className=\"p-2 hover:bg-slate-100 rounded-lg\">\n                <X className=\"w-5 h-5 text-slate-600\" />\n              </button>\n            </div>\n            <div className=\"p-4 space-y-4\">\n              <p className=\"text-slate-600\">Create invoices for multiple completed jobs at once.</p>\n              <div className=\"space-y-2\">\n                <label className=\"flex items-center gap-3 p-3 border border-slate-200 rounded-lg hover:bg-slate-50 cursor-pointer\">\n                  <input type=\"checkbox\" className=\"w-4 h-4 text-orange-500\" />\n                  <div className=\"flex-1\">\n                    <p className=\"font-medium text-slate-800\">JOB-2026-0144 - HVAC Maintenance</p>\n                    <p className=\"text-sm text-slate-500\">Wilson Property • $199</p>\n                  </div>\n                </label>\n                <label className=\"flex items-center gap-3 p-3 border border-slate-200 rounded-lg hover:bg-slate-50 cursor-pointer\">\n                  <input type=\"checkbox\" className=\"w-4 h-4 text-orange-500\" />\n                  <div className=\"flex-1\">\n                    <p className=\"font-medium text-slate-800\">JOB-2026-0146 - Electrical Repair</p>\n                    <p className=\"text-sm text-slate-500\">Taylor Home • $350</p>\n                  </div>\n                </label>\n              </div>\n              <button\n                onClick={() => { setShowBatchModal(false); alert('2 invoices created!'); }}\n                className=\"w-full py-3 bg-orange-500 text-white rounded-lg hover:bg-orange-600\"\n              >\n                Create Selected Invoices\n              </button>\n            </div>\n          </div>\n        </div>\n      )}\n    </div>\n  );\n};\n\nexport default Invoicing;"
  }
}