{
  "_lds": {
    "uuid": "tradeos-quickbooks-2026-001",
    "type": "ui_component",
    "version": "1.0.0",
    "created": "2026-01-14T02:15:00Z",
    "parent": "tradeos-master-2026-001",
    "phase": 4,
    "sequence": 2
  },
  "core": {
    "name": "TradeOS QuickBooks Integration",
    "description": "QuickBooks Online sync with chart of accounts mapping, customer sync, and auto-reconciliation.",
    "principle": "Admin only for settings:modify. Office can view sync status. Bi-directional sync with conflict resolution."
  },
  "features": {
    "oauth_connection": "Secure QuickBooks Online OAuth connection",
    "account_mapping": "Map TradeOS accounts to QBO chart of accounts",
    "customer_sync": "Bi-directional customer sync",
    "invoice_sync": "Push invoices and pull payment status",
    "reconciliation": "Auto-reconciliation with alert on discrepancies",
    "sync_history": "Complete log of all sync operations"
  },
  "react_component": {
    "filename": "QuickBooks.tsx",
    "code": "import React, { useState, useCallback } from 'react';\nimport {\n  Link2, Unlink, RefreshCw, CheckCircle2, AlertTriangle, Clock,\n  Settings, ArrowRight, ArrowLeftRight, Database, Users, Receipt,\n  DollarSign, FileText, X, ChevronRight, ChevronDown, Filter,\n  Search, Download, AlertCircle, Check, Loader2, History\n} from 'lucide-react';\nimport { useKernel } from './LDSKernel';\n\n// Types\ntype SyncStatus = 'synced' | 'pending' | 'error' | 'conflict';\ntype SyncDirection = 'push' | 'pull' | 'bidirectional';\n\ninterface AccountMapping {\n  id: string;\n  tradeosCatgory: string;\n  qboAccountId: string;\n  qboAccountName: string;\n  type: 'income' | 'expense' | 'asset' | 'liability';\n  enabled: boolean;\n}\n\ninterface SyncRecord {\n  id: string;\n  timestamp: string;\n  type: 'customer' | 'invoice' | 'payment' | 'product';\n  direction: SyncDirection;\n  status: SyncStatus;\n  recordId: string;\n  recordName: string;\n  details?: string;\n  error?: string;\n}\n\ninterface QBOConnection {\n  connected: boolean;\n  companyName?: string;\n  companyId?: string;\n  connectedAt?: string;\n  lastSync?: string;\n  syncEnabled: boolean;\n}\n\ninterface SyncStats {\n  customers: { synced: number; pending: number; errors: number };\n  invoices: { synced: number; pending: number; errors: number };\n  payments: { synced: number; pending: number; errors: number };\n}\n\n// Mock Data\nconst MOCK_CONNECTION: QBOConnection = {\n  connected: true,\n  companyName: 'TradeOS Demo Company',\n  companyId: 'QBO-123456789',\n  connectedAt: '2025-12-15',\n  lastSync: '2026-01-14 09:30 AM',\n  syncEnabled: true\n};\n\nconst MOCK_MAPPINGS: AccountMapping[] = [\n  { id: 'map-1', tradeosCatgory: 'Service Revenue - HVAC', qboAccountId: '1', qboAccountName: 'Service Income', type: 'income', enabled: true },\n  { id: 'map-2', tradeosCatgory: 'Service Revenue - Plumbing', qboAccountId: '1', qboAccountName: 'Service Income', type: 'income', enabled: true },\n  { id: 'map-3', tradeosCatgory: 'Service Revenue - Electrical', qboAccountId: '1', qboAccountName: 'Service Income', type: 'income', enabled: true },\n  { id: 'map-4', tradeosCatgory: 'Parts & Materials', qboAccountId: '2', qboAccountName: 'Parts Income', type: 'income', enabled: true },\n  { id: 'map-5', tradeosCatgory: 'Labor Revenue', qboAccountId: '3', qboAccountName: 'Labor Income', type: 'income', enabled: true },\n  { id: 'map-6', tradeosCatgory: 'Sales Tax Collected', qboAccountId: '10', qboAccountName: 'Sales Tax Payable', type: 'liability', enabled: true },\n  { id: 'map-7', tradeosCatgory: 'Service Agreements', qboAccountId: '4', qboAccountName: 'Deferred Revenue', type: 'liability', enabled: true }\n];\n\nconst MOCK_SYNC_HISTORY: SyncRecord[] = [\n  { id: 'sync-1', timestamp: '2026-01-14 09:30:15', type: 'invoice', direction: 'push', status: 'synced', recordId: 'INV-2026-0142', recordName: 'Johnson Residence', details: 'Invoice synced successfully' },\n  { id: 'sync-2', timestamp: '2026-01-14 09:30:12', type: 'payment', direction: 'pull', status: 'synced', recordId: 'PAY-4521', recordName: 'Smith Commercial', details: 'Payment $500 recorded' },\n  { id: 'sync-3', timestamp: '2026-01-14 09:30:08', type: 'customer', direction: 'push', status: 'synced', recordId: 'CUST-005', recordName: 'Garcia Home', details: 'New customer created in QBO' },\n  { id: 'sync-4', timestamp: '2026-01-14 09:30:05', type: 'invoice', direction: 'push', status: 'error', recordId: 'INV-2026-0141', recordName: 'Smith Commercial', error: 'Customer not found in QBO. Please sync customer first.' },\n  { id: 'sync-5', timestamp: '2026-01-13 18:00:00', type: 'customer', direction: 'bidirectional', status: 'conflict', recordId: 'CUST-002', recordName: 'Smith Commercial', details: 'Address mismatch - manual review required' },\n  { id: 'sync-6', timestamp: '2026-01-13 17:45:22', type: 'invoice', direction: 'push', status: 'synced', recordId: 'INV-2026-0140', recordName: 'Davis Home', details: 'Invoice synced successfully' },\n  { id: 'sync-7', timestamp: '2026-01-13 17:45:18', type: 'payment', direction: 'pull', status: 'synced', recordId: 'PAY-4498', recordName: 'Davis Home', details: 'Payment $214.92 recorded' }\n];\n\nconst MOCK_STATS: SyncStats = {\n  customers: { synced: 48, pending: 2, errors: 1 },\n  invoices: { synced: 142, pending: 3, errors: 1 },\n  payments: { synced: 98, pending: 0, errors: 0 }\n};\n\nconst QBO_ACCOUNTS = [\n  { id: '1', name: 'Service Income', type: 'Income' },\n  { id: '2', name: 'Parts Income', type: 'Income' },\n  { id: '3', name: 'Labor Income', type: 'Income' },\n  { id: '4', name: 'Deferred Revenue', type: 'Other Current Liability' },\n  { id: '10', name: 'Sales Tax Payable', type: 'Other Current Liability' },\n  { id: '20', name: 'Accounts Receivable', type: 'Accounts Receivable' },\n  { id: '30', name: 'Undeposited Funds', type: 'Other Current Asset' }\n];\n\ntype ViewMode = 'overview' | 'mapping' | 'history';\n\nexport const QuickBooks: React.FC = () => {\n  const { validate, role } = useKernel();\n  const [viewMode, setViewMode] = useState<ViewMode>('overview');\n  const [connection, setConnection] = useState<QBOConnection>(MOCK_CONNECTION);\n  const [mappings, setMappings] = useState<AccountMapping[]>(MOCK_MAPPINGS);\n  const [syncHistory, setSyncHistory] = useState<SyncRecord[]>(MOCK_SYNC_HISTORY);\n  const [isSyncing, setIsSyncing] = useState(false);\n  const [showDisconnectModal, setShowDisconnectModal] = useState(false);\n  const [historyFilter, setHistoryFilter] = useState<'all' | 'error' | 'conflict'>('all');\n\n  const handleConnect = useCallback(() => {\n    const result = validate('settings:modify', { authenticated: true, mfa_verified: true });\n    if (result.result !== 'ALLOWED') {\n      alert(`Connection denied: ${result.reason}`);\n      return;\n    }\n    // In production, this would initiate OAuth flow\n    alert('Redirecting to QuickBooks for authorization...\\n\\nIn production, this opens the QBO OAuth consent screen.');\n  }, [validate]);\n\n  const handleDisconnect = useCallback(() => {\n    const result = validate('settings:modify', { authenticated: true, mfa_verified: true });\n    if (result.result !== 'ALLOWED') {\n      alert(`Disconnect denied: ${result.reason}`);\n      return;\n    }\n    setConnection(prev => ({ ...prev, connected: false, companyName: undefined, companyId: undefined }));\n    setShowDisconnectModal(false);\n    alert('QuickBooks disconnected successfully.');\n  }, [validate]);\n\n  const handleSyncNow = useCallback(async () => {\n    const result = validate('settings:modify', { authenticated: true });\n    if (result.result !== 'ALLOWED') {\n      alert(`Sync denied: ${result.reason}`);\n      return;\n    }\n    \n    setIsSyncing(true);\n    // Simulate sync\n    await new Promise(resolve => setTimeout(resolve, 2000));\n    setConnection(prev => ({ ...prev, lastSync: new Date().toLocaleString() }));\n    setIsSyncing(false);\n    alert('Sync completed successfully!');\n  }, [validate]);\n\n  const handleToggleMapping = useCallback((mappingId: string) => {\n    const result = validate('settings:modify', { authenticated: true, mfa_verified: true });\n    if (result.result !== 'ALLOWED') {\n      alert(`Settings change denied: ${result.reason}`);\n      return;\n    }\n    setMappings(prev => prev.map(m => \n      m.id === mappingId ? { ...m, enabled: !m.enabled } : m\n    ));\n  }, [validate]);\n\n  const handleResolveConflict = useCallback((recordId: string, resolution: 'tradeos' | 'qbo') => {\n    setSyncHistory(prev => prev.map(r => \n      r.id === recordId ? { ...r, status: 'synced', details: `Resolved: kept ${resolution === 'tradeos' ? 'TradeOS' : 'QuickBooks'} data` } : r\n    ));\n    alert(`Conflict resolved using ${resolution === 'tradeos' ? 'TradeOS' : 'QuickBooks'} data.`);\n  }, []);\n\n  const filteredHistory = syncHistory.filter(r => {\n    if (historyFilter === 'all') return true;\n    return r.status === historyFilter;\n  });\n\n  const getStatusIcon = (status: SyncStatus) => {\n    switch (status) {\n      case 'synced': return <CheckCircle2 className=\"w-4 h-4 text-green-600\" />;\n      case 'pending': return <Clock className=\"w-4 h-4 text-amber-600\" />;\n      case 'error': return <AlertTriangle className=\"w-4 h-4 text-red-600\" />;\n      case 'conflict': return <AlertCircle className=\"w-4 h-4 text-orange-600\" />;\n    }\n  };\n\n  const getTypeIcon = (type: string) => {\n    switch (type) {\n      case 'customer': return <Users className=\"w-4 h-4\" />;\n      case 'invoice': return <Receipt className=\"w-4 h-4\" />;\n      case 'payment': return <DollarSign className=\"w-4 h-4\" />;\n      default: return <FileText className=\"w-4 h-4\" />;\n    }\n  };\n\n  // Overview View\n  const OverviewView = () => (\n    <div className=\"space-y-6\">\n      {/* Connection Status Card */}\n      <div className={`rounded-xl border-2 p-6 ${\n        connection.connected ? 'border-green-200 bg-green-50' : 'border-slate-200 bg-white'\n      }`}>\n        <div className=\"flex items-start justify-between\">\n          <div className=\"flex items-center gap-4\">\n            <div className={`w-16 h-16 rounded-xl flex items-center justify-center ${\n              connection.connected ? 'bg-green-100' : 'bg-slate-100'\n            }`}>\n              <svg viewBox=\"0 0 24 24\" className=\"w-10 h-10\" fill=\"none\">\n                <path d=\"M12 2C6.48 2 2 6.48 2 12s4.48 10 10 10 10-4.48 10-10S17.52 2 12 2z\" fill=\"#2CA01C\"/>\n                <path d=\"M15.5 8.5h-2v3h-3v2h3v3h2v-3h3v-2h-3v-3z\" fill=\"white\"/>\n              </svg>\n            </div>\n            <div>\n              <h3 className=\"text-xl font-bold text-slate-800\">QuickBooks Online</h3>\n              {connection.connected ? (\n                <>\n                  <p className=\"text-green-700 font-medium\">{connection.companyName}</p>\n                  <p className=\"text-sm text-slate-500\">Connected since {connection.connectedAt}</p>\n                </>\n              ) : (\n                <p className=\"text-slate-500\">Not connected</p>\n              )}\n            </div>\n          </div>\n          \n          {connection.connected ? (\n            <div className=\"flex items-center gap-2\">\n              <button\n                onClick={handleSyncNow}\n                disabled={isSyncing}\n                className=\"px-4 py-2 bg-green-600 text-white rounded-lg hover:bg-green-700 flex items-center gap-2 disabled:opacity-50\"\n              >\n                {isSyncing ? (\n                  <><Loader2 className=\"w-4 h-4 animate-spin\" /> Syncing...</>\n                ) : (\n                  <><RefreshCw className=\"w-4 h-4\" /> Sync Now</>\n                )}\n              </button>\n              {role === 'admin' && (\n                <button\n                  onClick={() => setShowDisconnectModal(true)}\n                  className=\"px-4 py-2 border border-red-200 text-red-600 rounded-lg hover:bg-red-50 flex items-center gap-2\"\n                >\n                  <Unlink className=\"w-4 h-4\" />\n                  Disconnect\n                </button>\n              )}\n            </div>\n          ) : (\n            <button\n              onClick={handleConnect}\n              className=\"px-6 py-3 bg-green-600 text-white rounded-lg hover:bg-green-700 flex items-center gap-2\"\n            >\n              <Link2 className=\"w-5 h-5\" />\n              Connect to QuickBooks\n            </button>\n          )}\n        </div>\n        \n        {connection.connected && connection.lastSync && (\n          <div className=\"mt-4 pt-4 border-t border-green-200\">\n            <p className=\"text-sm text-slate-600\">\n              <Clock className=\"w-4 h-4 inline mr-1\" />\n              Last sync: {connection.lastSync}\n            </p>\n          </div>\n        )}\n      </div>\n\n      {connection.connected && (\n        <>\n          {/* Sync Stats */}\n          <div className=\"grid grid-cols-1 md:grid-cols-3 gap-4\">\n            <div className=\"bg-white rounded-xl border border-slate-200 p-4\">\n              <div className=\"flex items-center gap-3 mb-3\">\n                <div className=\"p-2 bg-blue-100 rounded-lg\">\n                  <Users className=\"w-5 h-5 text-blue-600\" />\n                </div>\n                <span className=\"font-medium text-slate-800\">Customers</span>\n              </div>\n              <div className=\"flex items-center justify-between\">\n                <div>\n                  <p className=\"text-2xl font-bold text-slate-800\">{MOCK_STATS.customers.synced}</p>\n                  <p className=\"text-sm text-green-600\">Synced</p>\n                </div>\n                {MOCK_STATS.customers.pending > 0 && (\n                  <div className=\"text-center\">\n                    <p className=\"text-lg font-bold text-amber-600\">{MOCK_STATS.customers.pending}</p>\n                    <p className=\"text-xs text-amber-600\">Pending</p>\n                  </div>\n                )}\n                {MOCK_STATS.customers.errors > 0 && (\n                  <div className=\"text-center\">\n                    <p className=\"text-lg font-bold text-red-600\">{MOCK_STATS.customers.errors}</p>\n                    <p className=\"text-xs text-red-600\">Errors</p>\n                  </div>\n                )}\n              </div>\n            </div>\n\n            <div className=\"bg-white rounded-xl border border-slate-200 p-4\">\n              <div className=\"flex items-center gap-3 mb-3\">\n                <div className=\"p-2 bg-purple-100 rounded-lg\">\n                  <Receipt className=\"w-5 h-5 text-purple-600\" />\n                </div>\n                <span className=\"font-medium text-slate-800\">Invoices</span>\n              </div>\n              <div className=\"flex items-center justify-between\">\n                <div>\n                  <p className=\"text-2xl font-bold text-slate-800\">{MOCK_STATS.invoices.synced}</p>\n                  <p className=\"text-sm text-green-600\">Synced</p>\n                </div>\n                {MOCK_STATS.invoices.pending > 0 && (\n                  <div className=\"text-center\">\n                    <p className=\"text-lg font-bold text-amber-600\">{MOCK_STATS.invoices.pending}</p>\n                    <p className=\"text-xs text-amber-600\">Pending</p>\n                  </div>\n                )}\n                {MOCK_STATS.invoices.errors > 0 && (\n                  <div className=\"text-center\">\n                    <p className=\"text-lg font-bold text-red-600\">{MOCK_STATS.invoices.errors}</p>\n                    <p className=\"text-xs text-red-600\">Errors</p>\n                  </div>\n                )}\n              </div>\n            </div>\n\n            <div className=\"bg-white rounded-xl border border-slate-200 p-4\">\n              <div className=\"flex items-center gap-3 mb-3\">\n                <div className=\"p-2 bg-green-100 rounded-lg\">\n                  <DollarSign className=\"w-5 h-5 text-green-600\" />\n                </div>\n                <span className=\"font-medium text-slate-800\">Payments</span>\n              </div>\n              <div className=\"flex items-center justify-between\">\n                <div>\n                  <p className=\"text-2xl font-bold text-slate-800\">{MOCK_STATS.payments.synced}</p>\n                  <p className=\"text-sm text-green-600\">Synced</p>\n                </div>\n                {MOCK_STATS.payments.pending > 0 && (\n                  <div className=\"text-center\">\n                    <p className=\"text-lg font-bold text-amber-600\">{MOCK_STATS.payments.pending}</p>\n                    <p className=\"text-xs text-amber-600\">Pending</p>\n                  </div>\n                )}\n              </div>\n            </div>\n          </div>\n\n          {/* Recent Sync Activity */}\n          <div className=\"bg-white rounded-xl border border-slate-200\">\n            <div className=\"p-4 border-b border-slate-100 flex items-center justify-between\">\n              <h3 className=\"font-semibold text-slate-800\">Recent Sync Activity</h3>\n              <button\n                onClick={() => setViewMode('history')}\n                className=\"text-sm text-orange-600 hover:text-orange-700 flex items-center gap-1\"\n              >\n                View All <ChevronRight className=\"w-4 h-4\" />\n              </button>\n            </div>\n            <div className=\"divide-y divide-slate-100\">\n              {syncHistory.slice(0, 5).map((record) => (\n                <div key={record.id} className=\"p-4 flex items-center gap-4\">\n                  <div className=\"p-2 bg-slate-100 rounded-lg\">\n                    {getTypeIcon(record.type)}\n                  </div>\n                  <div className=\"flex-1 min-w-0\">\n                    <div className=\"flex items-center gap-2\">\n                      <span className=\"font-medium text-slate-800\">{record.recordName}</span>\n                      <span className=\"text-xs text-slate-400 capitalize\">{record.type}</span>\n                    </div>\n                    <p className=\"text-sm text-slate-500 truncate\">\n                      {record.error || record.details}\n                    </p>\n                  </div>\n                  <div className=\"flex items-center gap-2\">\n                    {getStatusIcon(record.status)}\n                    <span className=\"text-xs text-slate-400\">{record.timestamp.split(' ')[1]}</span>\n                  </div>\n                </div>\n              ))}\n            </div>\n          </div>\n\n          {/* Alerts */}\n          {(MOCK_STATS.customers.errors > 0 || MOCK_STATS.invoices.errors > 0 || syncHistory.some(r => r.status === 'conflict')) && (\n            <div className=\"bg-amber-50 border border-amber-200 rounded-xl p-4\">\n              <div className=\"flex items-start gap-3\">\n                <AlertTriangle className=\"w-5 h-5 text-amber-600 flex-shrink-0 mt-0.5\" />\n                <div>\n                  <p className=\"font-medium text-amber-800\">Action Required</p>\n                  <ul className=\"mt-2 space-y-1 text-sm text-amber-700\">\n                    {MOCK_STATS.customers.errors > 0 && (\n                      <li>• {MOCK_STATS.customers.errors} customer sync error(s)</li>\n                    )}\n                    {MOCK_STATS.invoices.errors > 0 && (\n                      <li>• {MOCK_STATS.invoices.errors} invoice sync error(s)</li>\n                    )}\n                    {syncHistory.filter(r => r.status === 'conflict').length > 0 && (\n                      <li>• {syncHistory.filter(r => r.status === 'conflict').length} conflict(s) need resolution</li>\n                    )}\n                  </ul>\n                  <button\n                    onClick={() => setViewMode('history')}\n                    className=\"mt-3 text-sm font-medium text-amber-800 hover:text-amber-900\"\n                  >\n                    Review Issues →\n                  </button>\n                </div>\n              </div>\n            </div>\n          )}\n        </>\n      )}\n    </div>\n  );\n\n  // Account Mapping View\n  const MappingView = () => (\n    <div className=\"space-y-4\">\n      <div className=\"bg-white rounded-xl border border-slate-200\">\n        <div className=\"p-4 border-b border-slate-100\">\n          <h3 className=\"font-semibold text-slate-800\">Chart of Accounts Mapping</h3>\n          <p className=\"text-sm text-slate-500\">Map TradeOS categories to QuickBooks accounts</p>\n        </div>\n        <div className=\"divide-y divide-slate-100\">\n          {mappings.map((mapping) => (\n            <div key={mapping.id} className=\"p-4 flex items-center gap-4\">\n              <button\n                onClick={() => handleToggleMapping(mapping.id)}\n                className={`w-10 h-6 rounded-full transition-colors relative ${\n                  mapping.enabled ? 'bg-green-500' : 'bg-slate-300'\n                }`}\n              >\n                <span className={`absolute top-1 w-4 h-4 bg-white rounded-full transition-transform ${\n                  mapping.enabled ? 'left-5' : 'left-1'\n                }`} />\n              </button>\n              \n              <div className=\"flex-1 grid grid-cols-3 gap-4 items-center\">\n                <div>\n                  <p className=\"font-medium text-slate-800\">{mapping.tradeosCatgory}</p>\n                  <p className=\"text-xs text-slate-500\">TradeOS</p>\n                </div>\n                <div className=\"flex justify-center\">\n                  <ArrowRight className=\"w-5 h-5 text-slate-400\" />\n                </div>\n                <div>\n                  <p className=\"font-medium text-slate-800\">{mapping.qboAccountName}</p>\n                  <p className=\"text-xs text-slate-500\">QuickBooks • {mapping.type}</p>\n                </div>\n              </div>\n              \n              {role === 'admin' && (\n                <select\n                  value={mapping.qboAccountId}\n                  onChange={() => {}}\n                  className=\"px-3 py-2 border border-slate-200 rounded-lg text-sm\"\n                >\n                  {QBO_ACCOUNTS.map((acc) => (\n                    <option key={acc.id} value={acc.id}>{acc.name} ({acc.type})</option>\n                  ))}\n                </select>\n              )}\n            </div>\n          ))}\n        </div>\n      </div>\n\n      {/* Sync Settings */}\n      <div className=\"bg-white rounded-xl border border-slate-200 p-4\">\n        <h3 className=\"font-semibold text-slate-800 mb-4\">Sync Settings</h3>\n        <div className=\"space-y-4\">\n          <label className=\"flex items-center justify-between\">\n            <div>\n              <p className=\"font-medium text-slate-800\">Auto-sync customers</p>\n              <p className=\"text-sm text-slate-500\">Automatically sync new customers to QuickBooks</p>\n            </div>\n            <button className=\"w-10 h-6 rounded-full bg-green-500 relative\">\n              <span className=\"absolute top-1 left-5 w-4 h-4 bg-white rounded-full\" />\n            </button>\n          </label>\n          <label className=\"flex items-center justify-between\">\n            <div>\n              <p className=\"font-medium text-slate-800\">Auto-sync invoices</p>\n              <p className=\"text-sm text-slate-500\">Push invoices to QuickBooks when sent</p>\n            </div>\n            <button className=\"w-10 h-6 rounded-full bg-green-500 relative\">\n              <span className=\"absolute top-1 left-5 w-4 h-4 bg-white rounded-full\" />\n            </button>\n          </label>\n          <label className=\"flex items-center justify-between\">\n            <div>\n              <p className=\"font-medium text-slate-800\">Pull payment updates</p>\n              <p className=\"text-sm text-slate-500\">Sync payments recorded in QuickBooks</p>\n            </div>\n            <button className=\"w-10 h-6 rounded-full bg-green-500 relative\">\n              <span className=\"absolute top-1 left-5 w-4 h-4 bg-white rounded-full\" />\n            </button>\n          </label>\n          <label className=\"flex items-center justify-between\">\n            <div>\n              <p className=\"font-medium text-slate-800\">Conflict notifications</p>\n              <p className=\"text-sm text-slate-500\">Alert when data conflicts are detected</p>\n            </div>\n            <button className=\"w-10 h-6 rounded-full bg-green-500 relative\">\n              <span className=\"absolute top-1 left-5 w-4 h-4 bg-white rounded-full\" />\n            </button>\n          </label>\n        </div>\n      </div>\n    </div>\n  );\n\n  // Sync History View\n  const HistoryView = () => (\n    <div className=\"space-y-4\">\n      <div className=\"bg-white rounded-xl border border-slate-200 p-4\">\n        <div className=\"flex items-center gap-4\">\n          <div className=\"flex-1 relative\">\n            <Search className=\"absolute left-3 top-1/2 -translate-y-1/2 w-5 h-5 text-slate-400\" />\n            <input\n              type=\"text\"\n              placeholder=\"Search sync history...\"\n              className=\"w-full pl-10 pr-4 py-2 border border-slate-200 rounded-lg focus:ring-2 focus:ring-orange-500 outline-none\"\n            />\n          </div>\n          <div className=\"flex items-center gap-2\">\n            <Filter className=\"w-5 h-5 text-slate-400\" />\n            <select\n              value={historyFilter}\n              onChange={(e) => setHistoryFilter(e.target.value as 'all' | 'error' | 'conflict')}\n              className=\"px-4 py-2 border border-slate-200 rounded-lg\"\n            >\n              <option value=\"all\">All Records</option>\n              <option value=\"error\">Errors Only</option>\n              <option value=\"conflict\">Conflicts Only</option>\n            </select>\n          </div>\n          <button className=\"px-4 py-2 border border-slate-200 rounded-lg hover:bg-slate-50 flex items-center gap-2\">\n            <Download className=\"w-4 h-4\" />\n            Export\n          </button>\n        </div>\n      </div>\n\n      <div className=\"bg-white rounded-xl border border-slate-200\">\n        <div className=\"divide-y divide-slate-100\">\n          {filteredHistory.map((record) => (\n            <div key={record.id} className={`p-4 ${\n              record.status === 'error' ? 'bg-red-50' :\n              record.status === 'conflict' ? 'bg-orange-50' : ''\n            }`}>\n              <div className=\"flex items-start gap-4\">\n                <div className={`p-2 rounded-lg ${\n                  record.status === 'synced' ? 'bg-green-100' :\n                  record.status === 'error' ? 'bg-red-100' :\n                  record.status === 'conflict' ? 'bg-orange-100' :\n                  'bg-slate-100'\n                }`}>\n                  {getTypeIcon(record.type)}\n                </div>\n                <div className=\"flex-1\">\n                  <div className=\"flex items-center gap-2\">\n                    {getStatusIcon(record.status)}\n                    <span className=\"font-medium text-slate-800\">{record.recordName}</span>\n                    <span className=\"text-xs px-2 py-0.5 bg-slate-100 rounded capitalize\">{record.type}</span>\n                    <span className=\"text-xs text-slate-400\">{record.recordId}</span>\n                  </div>\n                  <p className={`text-sm mt-1 ${\n                    record.status === 'error' ? 'text-red-600' :\n                    record.status === 'conflict' ? 'text-orange-600' :\n                    'text-slate-600'\n                  }`}>\n                    {record.error || record.details}\n                  </p>\n                  <p className=\"text-xs text-slate-400 mt-1\">\n                    {record.timestamp} • {record.direction === 'push' ? 'TradeOS → QBO' : record.direction === 'pull' ? 'QBO → TradeOS' : 'Bidirectional'}\n                  </p>\n                  \n                  {/* Conflict Resolution */}\n                  {record.status === 'conflict' && (\n                    <div className=\"mt-3 flex items-center gap-2\">\n                      <span className=\"text-sm text-slate-600\">Resolve using:</span>\n                      <button\n                        onClick={() => handleResolveConflict(record.id, 'tradeos')}\n                        className=\"px-3 py-1 text-sm bg-blue-100 text-blue-700 rounded-lg hover:bg-blue-200\"\n                      >\n                        TradeOS Data\n                      </button>\n                      <button\n                        onClick={() => handleResolveConflict(record.id, 'qbo')}\n                        className=\"px-3 py-1 text-sm bg-green-100 text-green-700 rounded-lg hover:bg-green-200\"\n                      >\n                        QuickBooks Data\n                      </button>\n                    </div>\n                  )}\n                  \n                  {/* Retry for errors */}\n                  {record.status === 'error' && (\n                    <button className=\"mt-2 px-3 py-1 text-sm bg-slate-100 text-slate-700 rounded-lg hover:bg-slate-200 flex items-center gap-1\">\n                      <RefreshCw className=\"w-3 h-3\" />\n                      Retry Sync\n                    </button>\n                  )}\n                </div>\n              </div>\n            </div>\n          ))}\n        </div>\n      </div>\n    </div>\n  );\n\n  return (\n    <div className=\"space-y-4\">\n      {/* Header */}\n      <div className=\"flex flex-col sm:flex-row sm:items-center justify-between gap-4\">\n        <div>\n          <h1 className=\"text-2xl font-bold text-slate-800\">QuickBooks Integration</h1>\n          <p className=\"text-slate-500\">Sync with QuickBooks Online</p>\n        </div>\n      </div>\n\n      {/* View Tabs */}\n      {connection.connected && (\n        <div className=\"bg-white rounded-xl border border-slate-200 p-1 inline-flex\">\n          {(['overview', 'mapping', 'history'] as const).map((view) => (\n            <button\n              key={view}\n              onClick={() => setViewMode(view)}\n              className={`px-4 py-2 rounded-lg text-sm font-medium capitalize transition-colors flex items-center gap-2 ${\n                viewMode === view\n                  ? 'bg-orange-100 text-orange-700'\n                  : 'text-slate-600 hover:text-slate-800'\n              }`}\n            >\n              {view === 'overview' && <Database className=\"w-4 h-4\" />}\n              {view === 'mapping' && <ArrowLeftRight className=\"w-4 h-4\" />}\n              {view === 'history' && <History className=\"w-4 h-4\" />}\n              {view}\n            </button>\n          ))}\n        </div>\n      )}\n\n      {/* Content */}\n      {viewMode === 'overview' && <OverviewView />}\n      {viewMode === 'mapping' && <MappingView />}\n      {viewMode === 'history' && <HistoryView />}\n\n      {/* Disconnect Confirmation Modal */}\n      {showDisconnectModal && (\n        <div className=\"fixed inset-0 bg-black/50 flex items-center justify-center z-50\">\n          <div className=\"bg-white rounded-2xl w-full max-w-md mx-4\">\n            <div className=\"p-4 border-b border-slate-200\">\n              <h3 className=\"font-semibold text-slate-800\">Disconnect QuickBooks?</h3>\n            </div>\n            <div className=\"p-4\">\n              <p className=\"text-slate-600 mb-4\">\n                This will stop syncing data between TradeOS and QuickBooks. Your existing data in both systems will not be affected.\n              </p>\n              <div className=\"bg-amber-50 border border-amber-200 rounded-lg p-3 mb-4\">\n                <p className=\"text-sm text-amber-800\">\n                  <AlertTriangle className=\"w-4 h-4 inline mr-1\" />\n                  You will need to reconnect to resume syncing.\n                </p>\n              </div>\n              <div className=\"flex gap-3\">\n                <button\n                  onClick={() => setShowDisconnectModal(false)}\n                  className=\"flex-1 py-2 border border-slate-200 text-slate-700 rounded-lg hover:bg-slate-50\"\n                >\n                  Cancel\n                </button>\n                <button\n                  onClick={handleDisconnect}\n                  className=\"flex-1 py-2 bg-red-500 text-white rounded-lg hover:bg-red-600\"\n                >\n                  Disconnect\n                </button>\n              </div>\n            </div>\n          </div>\n        </div>\n      )}\n    </div>\n  );\n};\n\nexport default QuickBooks;"
  }
}