{
  "_lds": {
    "uuid": "tradeos-reporting-2026-001",
    "type": "ui_component",
    "version": "1.0.0",
    "created": "2026-01-14T02:30:00Z",
    "parent": "tradeos-master-2026-001",
    "phase": 4,
    "sequence": 3
  },
  "core": {
    "name": "TradeOS Reporting",
    "description": "Comprehensive reporting with revenue dashboards, technician performance, job profitability, and AR aging.",
    "principle": "Admin and office can report:view. Export requires admin approval for large datasets."
  },
  "features": {
    "revenue_dashboard": "Daily, weekly, monthly, and YTD revenue tracking",
    "technician_performance": "Scorecards with jobs completed, revenue, ratings",
    "job_profitability": "Margin analysis by job type and customer",
    "ar_aging": "Accounts receivable aging report (current, 30, 60, 90+ days)",
    "quote_conversion": "Quote to job conversion funnel",
    "export": "Export to CSV and PDF formats"
  },
  "react_component": {
    "filename": "Reporting.tsx",
    "code": "import React, { useState, useCallback } from 'react';\nimport {\n  BarChart3, TrendingUp, TrendingDown, DollarSign, Users, Briefcase,\n  Calendar, Download, Filter, ChevronDown, ChevronRight, FileText,\n  Clock, Star, AlertTriangle, CheckCircle2, Target, Percent, ArrowRight\n} from 'lucide-react';\nimport {\n  AreaChart, Area, BarChart, Bar, LineChart, Line, PieChart, Pie, Cell,\n  XAxis, YAxis, CartesianGrid, Tooltip, ResponsiveContainer, Legend\n} from 'recharts';\nimport { useKernel } from './LDSKernel';\n\ntype ReportType = 'revenue' | 'technicians' | 'profitability' | 'aging' | 'conversion';\ntype DateRange = 'today' | 'week' | 'month' | 'quarter' | 'year' | 'custom';\n\ninterface RevenueData {\n  period: string;\n  revenue: number;\n  jobs: number;\n  avgJobValue: number;\n}\n\ninterface TechnicianStats {\n  id: string;\n  name: string;\n  avatar: string;\n  jobsCompleted: number;\n  revenue: number;\n  avgRating: number;\n  efficiency: number;\n  callbackRate: number;\n}\n\ninterface JobProfitability {\n  jobType: string;\n  revenue: number;\n  cost: number;\n  margin: number;\n  marginPercent: number;\n  jobCount: number;\n}\n\ninterface AgingBucket {\n  bucket: string;\n  amount: number;\n  count: number;\n  color: string;\n  customers: { name: string; amount: number }[];\n}\n\ninterface ConversionData {\n  stage: string;\n  count: number;\n  value: number;\n  conversionRate?: number;\n}\n\nconst MOCK_REVENUE_DAILY: RevenueData[] = [\n  { period: 'Mon', revenue: 8500, jobs: 5, avgJobValue: 1700 },\n  { period: 'Tue', revenue: 12300, jobs: 7, avgJobValue: 1757 },\n  { period: 'Wed', revenue: 9800, jobs: 6, avgJobValue: 1633 },\n  { period: 'Thu', revenue: 15600, jobs: 8, avgJobValue: 1950 },\n  { period: 'Fri', revenue: 11200, jobs: 6, avgJobValue: 1867 },\n  { period: 'Sat', revenue: 7400, jobs: 4, avgJobValue: 1850 },\n  { period: 'Sun', revenue: 3100, jobs: 2, avgJobValue: 1550 }\n];\n\nconst MOCK_REVENUE_MONTHLY: RevenueData[] = [\n  { period: 'Jan', revenue: 245000, jobs: 142, avgJobValue: 1725 },\n  { period: 'Feb', revenue: 228000, jobs: 135, avgJobValue: 1689 },\n  { period: 'Mar', revenue: 267000, jobs: 156, avgJobValue: 1712 },\n  { period: 'Apr', revenue: 289000, jobs: 168, avgJobValue: 1720 },\n  { period: 'May', revenue: 312000, jobs: 178, avgJobValue: 1753 },\n  { period: 'Jun', revenue: 298000, jobs: 165, avgJobValue: 1806 },\n  { period: 'Jul', revenue: 334000, jobs: 182, avgJobValue: 1835 },\n  { period: 'Aug', revenue: 356000, jobs: 195, avgJobValue: 1826 },\n  { period: 'Sep', revenue: 321000, jobs: 172, avgJobValue: 1866 },\n  { period: 'Oct', revenue: 289000, jobs: 158, avgJobValue: 1829 },\n  { period: 'Nov', revenue: 267000, jobs: 148, avgJobValue: 1804 },\n  { period: 'Dec', revenue: 234000, jobs: 128, avgJobValue: 1828 }\n];\n\nconst MOCK_TECHNICIANS: TechnicianStats[] = [\n  { id: 'tech-1', name: 'Mike Thompson', avatar: 'MT', jobsCompleted: 847, revenue: 156800, avgRating: 4.9, efficiency: 94, callbackRate: 2.1 },\n  { id: 'tech-2', name: 'Sarah Chen', avatar: 'SC', jobsCompleted: 623, revenue: 124600, avgRating: 4.8, efficiency: 91, callbackRate: 3.2 },\n  { id: 'tech-3', name: 'James Wilson', avatar: 'JW', jobsCompleted: 512, revenue: 98400, avgRating: 4.7, efficiency: 88, callbackRate: 4.5 },\n  { id: 'tech-4', name: 'Lisa Park', avatar: 'LP', jobsCompleted: 389, revenue: 78200, avgRating: 4.9, efficiency: 96, callbackRate: 1.8 },\n  { id: 'tech-5', name: 'David Kim', avatar: 'DK', jobsCompleted: 756, revenue: 142300, avgRating: 4.8, efficiency: 92, callbackRate: 2.9 }\n];\n\nconst MOCK_PROFITABILITY: JobProfitability[] = [\n  { jobType: 'HVAC Repair', revenue: 89500, cost: 45200, margin: 44300, marginPercent: 49.5, jobCount: 78 },\n  { jobType: 'HVAC Install', revenue: 245000, cost: 156000, margin: 89000, marginPercent: 36.3, jobCount: 42 },\n  { jobType: 'Plumbing Repair', revenue: 67800, cost: 32400, margin: 35400, marginPercent: 52.2, jobCount: 95 },\n  { jobType: 'Plumbing Install', revenue: 134000, cost: 89000, margin: 45000, marginPercent: 33.6, jobCount: 35 },\n  { jobType: 'Electrical', revenue: 98700, cost: 52100, margin: 46600, marginPercent: 47.2, jobCount: 68 },\n  { jobType: 'Maintenance', revenue: 45600, cost: 18200, margin: 27400, marginPercent: 60.1, jobCount: 124 }\n];\n\nconst MOCK_AGING: AgingBucket[] = [\n  { bucket: 'Current', amount: 34500, count: 12, color: '#22c55e', customers: [{ name: 'Johnson Residence', amount: 421 }, { name: 'Davis Home', amount: 215 }] },\n  { bucket: '1-30 Days', amount: 18900, count: 8, color: '#eab308', customers: [{ name: 'Garcia Home', amount: 162 }, { name: 'Martinez Office', amount: 890 }] },\n  { bucket: '31-60 Days', amount: 8700, count: 4, color: '#f97316', customers: [{ name: 'Roberts LLC', amount: 2340 }] },\n  { bucket: '61-90 Days', amount: 4200, count: 2, color: '#ef4444', customers: [{ name: 'Wilson Property', amount: 457 }] },\n  { bucket: '90+ Days', amount: 2100, count: 1, color: '#991b1b', customers: [{ name: 'Old Account', amount: 2100 }] }\n];\n\nconst MOCK_CONVERSION: ConversionData[] = [\n  { stage: 'Quotes Created', count: 156, value: 892000 },\n  { stage: 'Quotes Sent', count: 142, value: 812000, conversionRate: 91 },\n  { stage: 'Quotes Viewed', count: 128, value: 734000, conversionRate: 90 },\n  { stage: 'Quotes Approved', count: 98, value: 567000, conversionRate: 77 },\n  { stage: 'Jobs Completed', count: 89, value: 498000, conversionRate: 91 }\n];\n\nconst COLORS = ['#3b82f6', '#10b981', '#f59e0b', '#ef4444', '#8b5cf6', '#ec4899'];\n\nexport const Reporting: React.FC = () => {\n  const { validate, role } = useKernel();\n  const [activeReport, setActiveReport] = useState<ReportType>('revenue');\n  const [dateRange, setDateRange] = useState<DateRange>('month');\n  const [expandedBucket, setExpandedBucket] = useState<string | null>(null);\n\n  const handleExport = useCallback((format: 'csv' | 'pdf') => {\n    const result = validate('report:view', { authenticated: true });\n    if (result.result !== 'ALLOWED') {\n      alert(`Export denied: ${result.reason}`);\n      return;\n    }\n    alert(`Exporting ${activeReport} report as ${format.toUpperCase()}...`);\n  }, [validate, activeReport]);\n\n  const totalRevenue = MOCK_REVENUE_DAILY.reduce((sum, d) => sum + d.revenue, 0);\n  const totalJobs = MOCK_REVENUE_DAILY.reduce((sum, d) => sum + d.jobs, 0);\n  const avgJobValue = totalRevenue / totalJobs;\n  const totalAR = MOCK_AGING.reduce((sum, b) => sum + b.amount, 0);\n\n  const RevenueReport = () => (\n    <div className=\"space-y-6\">\n      <div className=\"grid grid-cols-1 md:grid-cols-4 gap-4\">\n        <div className=\"bg-white rounded-xl border border-slate-200 p-4\">\n          <div className=\"flex items-center gap-2 text-slate-500 mb-1\">\n            <DollarSign className=\"w-4 h-4\" />\n            <span className=\"text-sm\">Total Revenue</span>\n          </div>\n          <p className=\"text-2xl font-bold text-slate-800\">${totalRevenue.toLocaleString()}</p>\n          <p className=\"text-sm text-green-600 flex items-center gap-1 mt-1\">\n            <TrendingUp className=\"w-4 h-4\" /> +12% vs last week\n          </p>\n        </div>\n        <div className=\"bg-white rounded-xl border border-slate-200 p-4\">\n          <div className=\"flex items-center gap-2 text-slate-500 mb-1\">\n            <Briefcase className=\"w-4 h-4\" />\n            <span className=\"text-sm\">Jobs Completed</span>\n          </div>\n          <p className=\"text-2xl font-bold text-slate-800\">{totalJobs}</p>\n          <p className=\"text-sm text-green-600 flex items-center gap-1 mt-1\">\n            <TrendingUp className=\"w-4 h-4\" /> +8% vs last week\n          </p>\n        </div>\n        <div className=\"bg-white rounded-xl border border-slate-200 p-4\">\n          <div className=\"flex items-center gap-2 text-slate-500 mb-1\">\n            <Target className=\"w-4 h-4\" />\n            <span className=\"text-sm\">Avg Job Value</span>\n          </div>\n          <p className=\"text-2xl font-bold text-slate-800\">${avgJobValue.toFixed(0)}</p>\n          <p className=\"text-sm text-green-600 flex items-center gap-1 mt-1\">\n            <TrendingUp className=\"w-4 h-4\" /> +5% vs last week\n          </p>\n        </div>\n        <div className=\"bg-white rounded-xl border border-slate-200 p-4\">\n          <div className=\"flex items-center gap-2 text-slate-500 mb-1\">\n            <Calendar className=\"w-4 h-4\" />\n            <span className=\"text-sm\">YTD Revenue</span>\n          </div>\n          <p className=\"text-2xl font-bold text-slate-800\">$3.24M</p>\n          <p className=\"text-sm text-green-600 flex items-center gap-1 mt-1\">\n            <TrendingUp className=\"w-4 h-4\" /> +18% vs last year\n          </p>\n        </div>\n      </div>\n\n      <div className=\"grid grid-cols-1 lg:grid-cols-2 gap-6\">\n        <div className=\"bg-white rounded-xl border border-slate-200 p-6\">\n          <h3 className=\"font-semibold text-slate-800 mb-4\">Weekly Revenue</h3>\n          <ResponsiveContainer width=\"100%\" height={300}>\n            <AreaChart data={MOCK_REVENUE_DAILY}>\n              <CartesianGrid strokeDasharray=\"3 3\" stroke=\"#e2e8f0\" />\n              <XAxis dataKey=\"period\" stroke=\"#64748b\" fontSize={12} />\n              <YAxis stroke=\"#64748b\" fontSize={12} tickFormatter={(v) => `$${v/1000}k`} />\n              <Tooltip formatter={(value: number) => [`$${value.toLocaleString()}`, 'Revenue']} />\n              <Area type=\"monotone\" dataKey=\"revenue\" stroke=\"#f97316\" fill=\"#fed7aa\" strokeWidth={2} />\n            </AreaChart>\n          </ResponsiveContainer>\n        </div>\n\n        <div className=\"bg-white rounded-xl border border-slate-200 p-6\">\n          <h3 className=\"font-semibold text-slate-800 mb-4\">Monthly Trend</h3>\n          <ResponsiveContainer width=\"100%\" height={300}>\n            <BarChart data={MOCK_REVENUE_MONTHLY}>\n              <CartesianGrid strokeDasharray=\"3 3\" stroke=\"#e2e8f0\" />\n              <XAxis dataKey=\"period\" stroke=\"#64748b\" fontSize={12} />\n              <YAxis stroke=\"#64748b\" fontSize={12} tickFormatter={(v) => `$${v/1000}k`} />\n              <Tooltip formatter={(value: number) => [`$${value.toLocaleString()}`, 'Revenue']} />\n              <Bar dataKey=\"revenue\" fill=\"#3b82f6\" radius={[4, 4, 0, 0]} />\n            </BarChart>\n          </ResponsiveContainer>\n        </div>\n      </div>\n\n      <div className=\"bg-white rounded-xl border border-slate-200 p-6\">\n        <h3 className=\"font-semibold text-slate-800 mb-4\">Revenue by Service Type</h3>\n        <div className=\"flex items-center\">\n          <ResponsiveContainer width=\"40%\" height={250}>\n            <PieChart>\n              <Pie data={MOCK_PROFITABILITY} dataKey=\"revenue\" nameKey=\"jobType\" cx=\"50%\" cy=\"50%\" innerRadius={60} outerRadius={100}>\n                {MOCK_PROFITABILITY.map((entry, index) => (\n                  <Cell key={entry.jobType} fill={COLORS[index % COLORS.length]} />\n                ))}\n              </Pie>\n              <Tooltip formatter={(value: number) => `$${value.toLocaleString()}`} />\n            </PieChart>\n          </ResponsiveContainer>\n          <div className=\"flex-1 grid grid-cols-2 gap-3\">\n            {MOCK_PROFITABILITY.map((item, index) => (\n              <div key={item.jobType} className=\"flex items-center gap-2\">\n                <div className=\"w-3 h-3 rounded-full\" style={{ backgroundColor: COLORS[index % COLORS.length] }} />\n                <div>\n                  <p className=\"text-sm font-medium text-slate-800\">{item.jobType}</p>\n                  <p className=\"text-xs text-slate-500\">${item.revenue.toLocaleString()}</p>\n                </div>\n              </div>\n            ))}\n          </div>\n        </div>\n      </div>\n    </div>\n  );\n\n  const TechnicianReport = () => (\n    <div className=\"space-y-6\">\n      <div className=\"bg-white rounded-xl border border-slate-200 overflow-hidden\">\n        <div className=\"p-4 border-b border-slate-100\">\n          <h3 className=\"font-semibold text-slate-800\">Technician Performance Scorecards</h3>\n        </div>\n        <div className=\"overflow-x-auto\">\n          <table className=\"w-full\">\n            <thead className=\"bg-slate-50\">\n              <tr>\n                <th className=\"px-4 py-3 text-left text-xs font-medium text-slate-500 uppercase\">Technician</th>\n                <th className=\"px-4 py-3 text-right text-xs font-medium text-slate-500 uppercase\">Jobs</th>\n                <th className=\"px-4 py-3 text-right text-xs font-medium text-slate-500 uppercase\">Revenue</th>\n                <th className=\"px-4 py-3 text-right text-xs font-medium text-slate-500 uppercase\">Avg Rating</th>\n                <th className=\"px-4 py-3 text-right text-xs font-medium text-slate-500 uppercase\">Efficiency</th>\n                <th className=\"px-4 py-3 text-right text-xs font-medium text-slate-500 uppercase\">Callback Rate</th>\n              </tr>\n            </thead>\n            <tbody className=\"divide-y divide-slate-100\">\n              {MOCK_TECHNICIANS.sort((a, b) => b.revenue - a.revenue).map((tech, index) => (\n                <tr key={tech.id} className=\"hover:bg-slate-50\">\n                  <td className=\"px-4 py-4\">\n                    <div className=\"flex items-center gap-3\">\n                      <div className=\"relative\">\n                        <div className=\"w-10 h-10 rounded-full bg-blue-100 text-blue-600 flex items-center justify-center font-medium\">\n                          {tech.avatar}\n                        </div>\n                        {index === 0 && (\n                          <div className=\"absolute -top-1 -right-1 w-5 h-5 bg-amber-400 rounded-full flex items-center justify-center\">\n                            <Star className=\"w-3 h-3 text-white fill-current\" />\n                          </div>\n                        )}\n                      </div>\n                      <div>\n                        <p className=\"font-medium text-slate-800\">{tech.name}</p>\n                        <p className=\"text-xs text-slate-500\">#{index + 1} by revenue</p>\n                      </div>\n                    </div>\n                  </td>\n                  <td className=\"px-4 py-4 text-right\">\n                    <p className=\"font-medium text-slate-800\">{tech.jobsCompleted}</p>\n                  </td>\n                  <td className=\"px-4 py-4 text-right\">\n                    <p className=\"font-medium text-slate-800\">${tech.revenue.toLocaleString()}</p>\n                  </td>\n                  <td className=\"px-4 py-4 text-right\">\n                    <div className=\"flex items-center justify-end gap-1\">\n                      <Star className=\"w-4 h-4 text-amber-400 fill-current\" />\n                      <span className=\"font-medium text-slate-800\">{tech.avgRating}</span>\n                    </div>\n                  </td>\n                  <td className=\"px-4 py-4 text-right\">\n                    <div className=\"flex items-center justify-end gap-2\">\n                      <div className=\"w-16 h-2 bg-slate-200 rounded-full overflow-hidden\">\n                        <div className=\"h-full bg-green-500 rounded-full\" style={{ width: `${tech.efficiency}%` }} />\n                      </div>\n                      <span className=\"font-medium text-slate-800\">{tech.efficiency}%</span>\n                    </div>\n                  </td>\n                  <td className=\"px-4 py-4 text-right\">\n                    <span className={`font-medium ${tech.callbackRate < 3 ? 'text-green-600' : tech.callbackRate < 5 ? 'text-amber-600' : 'text-red-600'}`}>\n                      {tech.callbackRate}%\n                    </span>\n                  </td>\n                </tr>\n              ))}\n            </tbody>\n          </table>\n        </div>\n      </div>\n\n      <div className=\"grid grid-cols-1 lg:grid-cols-2 gap-6\">\n        <div className=\"bg-white rounded-xl border border-slate-200 p-6\">\n          <h3 className=\"font-semibold text-slate-800 mb-4\">Revenue by Technician</h3>\n          <ResponsiveContainer width=\"100%\" height={250}>\n            <BarChart data={MOCK_TECHNICIANS.sort((a, b) => b.revenue - a.revenue)} layout=\"vertical\">\n              <CartesianGrid strokeDasharray=\"3 3\" stroke=\"#e2e8f0\" />\n              <XAxis type=\"number\" tickFormatter={(v) => `$${v/1000}k`} stroke=\"#64748b\" fontSize={12} />\n              <YAxis type=\"category\" dataKey=\"name\" stroke=\"#64748b\" fontSize={12} width={100} />\n              <Tooltip formatter={(value: number) => `$${value.toLocaleString()}`} />\n              <Bar dataKey=\"revenue\" fill=\"#3b82f6\" radius={[0, 4, 4, 0]} />\n            </BarChart>\n          </ResponsiveContainer>\n        </div>\n\n        <div className=\"bg-white rounded-xl border border-slate-200 p-6\">\n          <h3 className=\"font-semibold text-slate-800 mb-4\">Jobs Completed</h3>\n          <ResponsiveContainer width=\"100%\" height={250}>\n            <BarChart data={MOCK_TECHNICIANS.sort((a, b) => b.jobsCompleted - a.jobsCompleted)} layout=\"vertical\">\n              <CartesianGrid strokeDasharray=\"3 3\" stroke=\"#e2e8f0\" />\n              <XAxis type=\"number\" stroke=\"#64748b\" fontSize={12} />\n              <YAxis type=\"category\" dataKey=\"name\" stroke=\"#64748b\" fontSize={12} width={100} />\n              <Tooltip />\n              <Bar dataKey=\"jobsCompleted\" fill=\"#10b981\" radius={[0, 4, 4, 0]} />\n            </BarChart>\n          </ResponsiveContainer>\n        </div>\n      </div>\n    </div>\n  );\n\n  const ProfitabilityReport = () => (\n    <div className=\"space-y-6\">\n      <div className=\"grid grid-cols-1 md:grid-cols-3 gap-4\">\n        <div className=\"bg-white rounded-xl border border-slate-200 p-4\">\n          <p className=\"text-sm text-slate-500\">Total Revenue</p>\n          <p className=\"text-2xl font-bold text-slate-800\">${MOCK_PROFITABILITY.reduce((s, p) => s + p.revenue, 0).toLocaleString()}</p>\n        </div>\n        <div className=\"bg-white rounded-xl border border-slate-200 p-4\">\n          <p className=\"text-sm text-slate-500\">Total Cost</p>\n          <p className=\"text-2xl font-bold text-slate-800\">${MOCK_PROFITABILITY.reduce((s, p) => s + p.cost, 0).toLocaleString()}</p>\n        </div>\n        <div className=\"bg-white rounded-xl border border-green-200 p-4\">\n          <p className=\"text-sm text-green-600\">Gross Margin</p>\n          <p className=\"text-2xl font-bold text-green-600\">${MOCK_PROFITABILITY.reduce((s, p) => s + p.margin, 0).toLocaleString()}</p>\n          <p className=\"text-sm text-green-600\">~43% margin</p>\n        </div>\n      </div>\n\n      <div className=\"bg-white rounded-xl border border-slate-200 overflow-hidden\">\n        <div className=\"p-4 border-b border-slate-100\">\n          <h3 className=\"font-semibold text-slate-800\">Profitability by Service Type</h3>\n        </div>\n        <div className=\"overflow-x-auto\">\n          <table className=\"w-full\">\n            <thead className=\"bg-slate-50\">\n              <tr>\n                <th className=\"px-4 py-3 text-left text-xs font-medium text-slate-500 uppercase\">Service Type</th>\n                <th className=\"px-4 py-3 text-right text-xs font-medium text-slate-500 uppercase\">Jobs</th>\n                <th className=\"px-4 py-3 text-right text-xs font-medium text-slate-500 uppercase\">Revenue</th>\n                <th className=\"px-4 py-3 text-right text-xs font-medium text-slate-500 uppercase\">Cost</th>\n                <th className=\"px-4 py-3 text-right text-xs font-medium text-slate-500 uppercase\">Margin</th>\n                <th className=\"px-4 py-3 text-right text-xs font-medium text-slate-500 uppercase\">Margin %</th>\n              </tr>\n            </thead>\n            <tbody className=\"divide-y divide-slate-100\">\n              {MOCK_PROFITABILITY.sort((a, b) => b.marginPercent - a.marginPercent).map((item) => (\n                <tr key={item.jobType} className=\"hover:bg-slate-50\">\n                  <td className=\"px-4 py-4 font-medium text-slate-800\">{item.jobType}</td>\n                  <td className=\"px-4 py-4 text-right text-slate-600\">{item.jobCount}</td>\n                  <td className=\"px-4 py-4 text-right text-slate-800\">${item.revenue.toLocaleString()}</td>\n                  <td className=\"px-4 py-4 text-right text-slate-600\">${item.cost.toLocaleString()}</td>\n                  <td className=\"px-4 py-4 text-right font-medium text-green-600\">${item.margin.toLocaleString()}</td>\n                  <td className=\"px-4 py-4 text-right\">\n                    <span className={`px-2 py-1 rounded-full text-xs font-medium ${\n                      item.marginPercent >= 50 ? 'bg-green-100 text-green-700' :\n                      item.marginPercent >= 40 ? 'bg-blue-100 text-blue-700' :\n                      item.marginPercent >= 30 ? 'bg-amber-100 text-amber-700' :\n                      'bg-red-100 text-red-700'\n                    }`}>\n                      {item.marginPercent.toFixed(1)}%\n                    </span>\n                  </td>\n                </tr>\n              ))}\n            </tbody>\n          </table>\n        </div>\n      </div>\n\n      <div className=\"bg-white rounded-xl border border-slate-200 p-6\">\n        <h3 className=\"font-semibold text-slate-800 mb-4\">Margin Comparison</h3>\n        <ResponsiveContainer width=\"100%\" height={300}>\n          <BarChart data={MOCK_PROFITABILITY}>\n            <CartesianGrid strokeDasharray=\"3 3\" stroke=\"#e2e8f0\" />\n            <XAxis dataKey=\"jobType\" stroke=\"#64748b\" fontSize={12} />\n            <YAxis stroke=\"#64748b\" fontSize={12} tickFormatter={(v) => `$${v/1000}k`} />\n            <Tooltip formatter={(value: number) => `$${value.toLocaleString()}`} />\n            <Legend />\n            <Bar dataKey=\"revenue\" name=\"Revenue\" fill=\"#3b82f6\" radius={[4, 4, 0, 0]} />\n            <Bar dataKey=\"cost\" name=\"Cost\" fill=\"#94a3b8\" radius={[4, 4, 0, 0]} />\n            <Bar dataKey=\"margin\" name=\"Margin\" fill=\"#22c55e\" radius={[4, 4, 0, 0]} />\n          </BarChart>\n        </ResponsiveContainer>\n      </div>\n    </div>\n  );\n\n  const AgingReport = () => (\n    <div className=\"space-y-6\">\n      <div className=\"grid grid-cols-2 md:grid-cols-5 gap-4\">\n        {MOCK_AGING.map((bucket) => (\n          <div key={bucket.bucket} className=\"bg-white rounded-xl border border-slate-200 p-4\" style={{ borderLeftColor: bucket.color, borderLeftWidth: 4 }}>\n            <p className=\"text-sm text-slate-500\">{bucket.bucket}</p>\n            <p className=\"text-xl font-bold\" style={{ color: bucket.color }}>${bucket.amount.toLocaleString()}</p>\n            <p className=\"text-xs text-slate-400\">{bucket.count} invoice{bucket.count !== 1 ? 's' : ''}</p>\n          </div>\n        ))}\n      </div>\n\n      <div className=\"grid grid-cols-1 lg:grid-cols-2 gap-6\">\n        <div className=\"bg-white rounded-xl border border-slate-200 p-6\">\n          <h3 className=\"font-semibold text-slate-800 mb-4\">AR Distribution</h3>\n          <ResponsiveContainer width=\"100%\" height={250}>\n            <PieChart>\n              <Pie data={MOCK_AGING} dataKey=\"amount\" nameKey=\"bucket\" cx=\"50%\" cy=\"50%\" outerRadius={100} label={({ bucket, percent }) => `${bucket}: ${(percent * 100).toFixed(0)}%`}>\n                {MOCK_AGING.map((entry) => (\n                  <Cell key={entry.bucket} fill={entry.color} />\n                ))}\n              </Pie>\n              <Tooltip formatter={(value: number) => `$${value.toLocaleString()}`} />\n            </PieChart>\n          </ResponsiveContainer>\n        </div>\n\n        <div className=\"bg-white rounded-xl border border-slate-200 p-6\">\n          <h3 className=\"font-semibold text-slate-800 mb-4\">Aging Summary</h3>\n          <div className=\"space-y-4\">\n            <div className=\"flex items-center justify-between\">\n              <span className=\"text-slate-600\">Total Outstanding</span>\n              <span className=\"text-xl font-bold text-slate-800\">${totalAR.toLocaleString()}</span>\n            </div>\n            <div className=\"h-4 bg-slate-100 rounded-full overflow-hidden flex\">\n              {MOCK_AGING.map((bucket) => (\n                <div key={bucket.bucket} style={{ width: `${(bucket.amount / totalAR) * 100}%`, backgroundColor: bucket.color }} />\n              ))}\n            </div>\n            <div className=\"grid grid-cols-2 gap-2 text-sm\">\n              {MOCK_AGING.map((bucket) => (\n                <div key={bucket.bucket} className=\"flex items-center gap-2\">\n                  <div className=\"w-3 h-3 rounded-full\" style={{ backgroundColor: bucket.color }} />\n                  <span className=\"text-slate-600\">{bucket.bucket}: {((bucket.amount / totalAR) * 100).toFixed(1)}%</span>\n                </div>\n              ))}\n            </div>\n          </div>\n        </div>\n      </div>\n\n      <div className=\"bg-white rounded-xl border border-slate-200\">\n        <div className=\"p-4 border-b border-slate-100\">\n          <h3 className=\"font-semibold text-slate-800\">Aging Detail</h3>\n        </div>\n        <div className=\"divide-y divide-slate-100\">\n          {MOCK_AGING.map((bucket) => (\n            <div key={bucket.bucket}>\n              <button\n                onClick={() => setExpandedBucket(expandedBucket === bucket.bucket ? null : bucket.bucket)}\n                className=\"w-full p-4 flex items-center justify-between hover:bg-slate-50\"\n              >\n                <div className=\"flex items-center gap-3\">\n                  <div className=\"w-3 h-3 rounded-full\" style={{ backgroundColor: bucket.color }} />\n                  <span className=\"font-medium text-slate-800\">{bucket.bucket}</span>\n                  <span className=\"text-sm text-slate-500\">({bucket.count} invoices)</span>\n                </div>\n                <div className=\"flex items-center gap-4\">\n                  <span className=\"font-bold\" style={{ color: bucket.color }}>${bucket.amount.toLocaleString()}</span>\n                  {expandedBucket === bucket.bucket ? <ChevronDown className=\"w-5 h-5 text-slate-400\" /> : <ChevronRight className=\"w-5 h-5 text-slate-400\" />}\n                </div>\n              </button>\n              {expandedBucket === bucket.bucket && (\n                <div className=\"px-4 pb-4\">\n                  <div className=\"bg-slate-50 rounded-lg p-3 space-y-2\">\n                    {bucket.customers.map((customer, i) => (\n                      <div key={i} className=\"flex items-center justify-between text-sm\">\n                        <span className=\"text-slate-700\">{customer.name}</span>\n                        <span className=\"font-medium text-slate-800\">${customer.amount.toLocaleString()}</span>\n                      </div>\n                    ))}\n                  </div>\n                </div>\n              )}\n            </div>\n          ))}\n        </div>\n      </div>\n    </div>\n  );\n\n  const ConversionReport = () => (\n    <div className=\"space-y-6\">\n      <div className=\"bg-white rounded-xl border border-slate-200 p-6\">\n        <h3 className=\"font-semibold text-slate-800 mb-6\">Quote to Job Conversion Funnel</h3>\n        <div className=\"space-y-4\">\n          {MOCK_CONVERSION.map((stage, index) => {\n            const width = ((stage.count / MOCK_CONVERSION[0].count) * 100);\n            const isLast = index === MOCK_CONVERSION.length - 1;\n            return (\n              <div key={stage.stage}>\n                <div className=\"flex items-center justify-between mb-2\">\n                  <div className=\"flex items-center gap-2\">\n                    <span className=\"font-medium text-slate-800\">{stage.stage}</span>\n                    {stage.conversionRate && (\n                      <span className={`text-xs px-2 py-0.5 rounded-full ${\n                        stage.conversionRate >= 90 ? 'bg-green-100 text-green-700' :\n                        stage.conversionRate >= 70 ? 'bg-amber-100 text-amber-700' :\n                        'bg-red-100 text-red-700'\n                      }`}>\n                        {stage.conversionRate}% conversion\n                      </span>\n                    )}\n                  </div>\n                  <div className=\"text-right\">\n                    <span className=\"font-bold text-slate-800\">{stage.count}</span>\n                    <span className=\"text-slate-500 ml-2\">(${(stage.value / 1000).toFixed(0)}k)</span>\n                  </div>\n                </div>\n                <div className=\"relative\">\n                  <div className=\"h-10 bg-slate-100 rounded-lg\" />\n                  <div\n                    className={`absolute top-0 left-0 h-10 rounded-lg flex items-center justify-end pr-4 ${\n                      isLast ? 'bg-green-500' : 'bg-blue-500'\n                    }`}\n                    style={{ width: `${width}%` }}\n                  >\n                    <span className=\"text-white text-sm font-medium\">{width.toFixed(0)}%</span>\n                  </div>\n                </div>\n                {index < MOCK_CONVERSION.length - 1 && (\n                  <div className=\"flex justify-center my-2\">\n                    <ArrowRight className=\"w-5 h-5 text-slate-300 rotate-90\" />\n                  </div>\n                )}\n              </div>\n            );\n          })}\n        </div>\n      </div>\n\n      <div className=\"grid grid-cols-1 md:grid-cols-3 gap-4\">\n        <div className=\"bg-white rounded-xl border border-slate-200 p-4\">\n          <p className=\"text-sm text-slate-500\">Overall Conversion</p>\n          <p className=\"text-2xl font-bold text-green-600\">57%</p>\n          <p className=\"text-xs text-slate-500\">Quote to completed job</p>\n        </div>\n        <div className=\"bg-white rounded-xl border border-slate-200 p-4\">\n          <p className=\"text-sm text-slate-500\">Avg Time to Approval</p>\n          <p className=\"text-2xl font-bold text-slate-800\">3.2 days</p>\n          <p className=\"text-xs text-green-600\">-0.5 days vs last month</p>\n        </div>\n        <div className=\"bg-white rounded-xl border border-slate-200 p-4\">\n          <p className=\"text-sm text-slate-500\">Lost Value</p>\n          <p className=\"text-2xl font-bold text-red-600\">$394k</p>\n          <p className=\"text-xs text-slate-500\">From declined/expired quotes</p>\n        </div>\n      </div>\n    </div>\n  );\n\n  return (\n    <div className=\"space-y-4\">\n      <div className=\"flex flex-col sm:flex-row sm:items-center justify-between gap-4\">\n        <div>\n          <h1 className=\"text-2xl font-bold text-slate-800\">Reports</h1>\n          <p className=\"text-slate-500\">Business analytics and insights</p>\n        </div>\n        <div className=\"flex items-center gap-2\">\n          <select\n            value={dateRange}\n            onChange={(e) => setDateRange(e.target.value as DateRange)}\n            className=\"px-4 py-2 border border-slate-200 rounded-lg\"\n          >\n            <option value=\"today\">Today</option>\n            <option value=\"week\">This Week</option>\n            <option value=\"month\">This Month</option>\n            <option value=\"quarter\">This Quarter</option>\n            <option value=\"year\">This Year</option>\n          </select>\n          <button\n            onClick={() => handleExport('csv')}\n            className=\"px-4 py-2 border border-slate-200 rounded-lg hover:bg-slate-50 flex items-center gap-2\"\n          >\n            <Download className=\"w-4 h-4\" />\n            CSV\n          </button>\n          <button\n            onClick={() => handleExport('pdf')}\n            className=\"px-4 py-2 bg-orange-500 text-white rounded-lg hover:bg-orange-600 flex items-center gap-2\"\n          >\n            <FileText className=\"w-4 h-4\" />\n            PDF\n          </button>\n        </div>\n      </div>\n\n      <div className=\"bg-white rounded-xl border border-slate-200 p-1 flex flex-wrap gap-1\">\n        {[\n          { id: 'revenue', label: 'Revenue', icon: <DollarSign className=\"w-4 h-4\" /> },\n          { id: 'technicians', label: 'Technicians', icon: <Users className=\"w-4 h-4\" /> },\n          { id: 'profitability', label: 'Profitability', icon: <Percent className=\"w-4 h-4\" /> },\n          { id: 'aging', label: 'AR Aging', icon: <Clock className=\"w-4 h-4\" /> },\n          { id: 'conversion', label: 'Conversion', icon: <Target className=\"w-4 h-4\" /> }\n        ].map((report) => (\n          <button\n            key={report.id}\n            onClick={() => setActiveReport(report.id as ReportType)}\n            className={`px-4 py-2 rounded-lg text-sm font-medium transition-colors flex items-center gap-2 ${\n              activeReport === report.id\n                ? 'bg-orange-100 text-orange-700'\n                : 'text-slate-600 hover:text-slate-800 hover:bg-slate-50'\n            }`}\n          >\n            {report.icon}\n            {report.label}\n          </button>\n        ))}\n      </div>\n\n      {activeReport === 'revenue' && <RevenueReport />}\n      {activeReport === 'technicians' && <TechnicianReport />}\n      {activeReport === 'profitability' && <ProfitabilityReport />}\n      {activeReport === 'aging' && <AgingReport />}\n      {activeReport === 'conversion' && <ConversionReport />}\n    </div>\n  );\n};\n\nexport default Reporting;"
  }
}